feature_id,hac_ward_abs_k2,hac_ward_abs_k3,hac_ward_abs_k4,hac_ward_abs_k5,hac_ward_abs_k6,hac_complete_abs_k2,hac_complete_abs_k3,hac_complete_abs_k4,hac_complete_abs_k5,hac_complete_abs_k6,hac_complete_signed_k2,hac_complete_signed_k3,hac_complete_signed_k4,hac_complete_signed_k5,hac_complete_signed_k6,hac_average_abs_k2,hac_average_abs_k3,hac_average_abs_k4,hac_average_abs_k5,hac_average_abs_k6,hac_average_signed_k2,hac_average_signed_k3,hac_average_signed_k4,hac_average_signed_k5,hac_average_signed_k6,spectral_abs_k2,spectral_abs_k3,spectral_abs_k4,spectral_abs_k5,spectral_abs_k6,spectral_signed_k2,spectral_signed_k3,spectral_signed_k4,spectral_signed_k5,spectral_signed_k6,kmeans_abs_k2,kmeans_abs_k3,kmeans_abs_k4,kmeans_abs_k5,kmeans_abs_k6,kmeans_group_k2,kmeans_group_k3,kmeans_group_k4,kmeans_group_k5,kmeans_group_k6,gmm_group_k2,gmm_group_k3,gmm_group_k4,gmm_group_k5,nmf_k2,nmf_k3,nmf_k4,nmf_k5,nmf_k6,cocluster_k2,cocluster_k3,cocluster_k4,cocluster_k5,cocluster_k6,louvain_abs_t30,louvain_abs_t50,bipartite_louvain,coimp_louvain,signed_laplacian_k2,signed_laplacian_k3,signed_laplacian_k4,signed_laplacian_k5,signed_laplacian_k6,residual_kmeans_k2,residual_kmeans_k3,residual_kmeans_k4,residual_kmeans_k5,residual_kmeans_k6,contrastive_k2,contrastive_k3,contrastive_k4,contrastive_k5,contrastive_k6,level_stability_L1,agglo_coimp_k14,agglo_coimp_k15,agglo_coimp_k16,agglo_coimp_k17
L10_F102492,0,0,0,0,0,1,2,3,4,5,0,0,0,0,1,1,2,3,4,5,0,0,0,1,1,0,0,0,0,0,0,0,0,0,0,1,2,0,2,0,0,0,0,2,0,1,0,0,0,0,2,3,3,3,0,0,0,0,0,1,1,0,0,0,2,0,0,1,0,1,1,1,1,0,2,2,0,0,2,12,13,13,15
L10_F128064,0,0,0,0,0,1,2,3,4,5,0,0,0,0,1,1,2,3,4,5,0,0,0,1,1,0,0,0,0,0,0,0,3,0,0,1,2,0,2,0,0,0,0,2,0,1,0,0,0,0,2,3,3,3,0,0,0,0,0,1,1,0,0,0,2,0,0,1,0,1,1,1,1,0,2,0,3,0,2,12,13,13,15
L10_F34005,0,0,0,0,0,1,2,3,4,5,0,0,0,0,1,1,2,3,4,5,0,0,0,1,1,0,0,0,0,0,0,0,0,0,0,1,2,0,2,0,0,0,0,2,0,1,0,0,0,0,2,3,3,3,0,0,0,0,0,1,1,0,0,0,2,0,0,1,0,1,1,1,1,0,2,0,3,0,2,12,13,13,15
L10_F35580,0,0,0,0,0,1,2,3,4,5,0,0,0,0,1,1,2,3,4,5,0,0,0,1,1,0,0,0,0,0,0,0,0,0,0,1,2,0,2,0,0,0,0,2,0,1,0,0,0,0,2,3,3,3,0,0,0,0,0,1,1,0,0,0,2,0,0,1,0,1,1,1,1,0,2,2,0,0,2,12,13,13,15
L10_F58320,0,0,0,0,0,1,2,3,4,5,0,0,0,0,1,1,2,3,4,5,0,0,0,1,1,0,0,0,0,0,0,0,0,0,0,1,2,0,2,0,0,0,0,2,0,1,0,0,0,0,2,3,3,3,0,0,0,0,0,1,1,0,0,0,2,0,0,1,0,1,1,1,1,0,2,2,0,0,2,12,13,13,15
L10_F68680,0,0,0,0,0,1,2,3,4,5,0,0,0,0,1,1,2,3,4,5,0,0,0,1,1,0,0,0,0,0,0,0,0,0,0,1,2,0,2,0,0,0,0,2,0,1,0,0,0,0,2,3,3,5,0,0,0,0,0,1,1,0,0,0,2,0,0,1,0,1,1,1,1,0,2,2,0,0,2,12,13,13,15
L10_F83063,0,0,0,0,0,1,2,3,4,5,0,0,0,0,1,1,2,3,4,5,0,0,0,1,1,0,0,0,0,0,0,0,0,0,0,1,2,0,2,0,0,0,0,2,0,1,0,0,0,0,2,3,3,3,0,0,0,0,4,1,1,0,0,0,2,0,0,1,0,1,1,1,1,0,2,0,3,0,2,12,13,13,15
L10_F97799,0,0,0,0,0,1,2,3,4,5,0,0,0,0,1,1,2,3,4,5,0,0,0,1,1,0,0,0,0,0,0,0,0,0,0,1,2,0,2,0,0,0,0,2,0,1,0,0,0,0,0,3,3,3,0,0,0,0,0,1,1,0,0,0,2,0,0,1,0,1,1,1,1,0,2,2,0,0,2,12,13,13,15
L11_F114815,1,2,3,4,5,1,2,3,3,3,1,1,1,2,3,1,1,1,1,2,1,2,2,3,3,0,0,3,2,2,1,1,2,2,2,1,2,3,2,2,0,0,1,0,4,0,0,0,2,0,2,3,3,5,0,0,0,0,0,1,1,1,1,1,1,1,1,4,1,0,0,3,4,0,2,0,3,0,0,13,14,14,16
L11_F136605,1,2,3,4,5,1,2,3,3,3,1,1,1,2,3,1,1,1,1,2,1,2,2,3,3,0,0,3,2,2,1,1,2,2,2,1,2,3,2,2,0,0,1,0,4,0,0,0,2,0,2,3,3,5,0,0,0,0,0,1,1,1,1,1,1,1,1,4,1,0,0,3,4,0,0,0,3,3,0,13,14,14,16
L11_F137849,1,2,3,4,5,1,2,3,3,3,1,1,1,2,3,1,1,1,1,2,1,2,2,3,3,0,0,3,2,2,1,1,2,2,2,1,2,3,2,2,0,0,1,0,4,0,0,0,2,0,2,3,3,5,0,0,0,0,0,1,1,1,1,1,1,1,1,4,1,0,0,3,4,0,2,0,3,0,0,13,14,14,16
L11_F141908,1,2,3,4,5,1,2,3,3,3,1,1,1,2,3,1,1,1,1,2,1,2,2,3,3,0,0,3,2,2,1,1,2,2,2,1,2,3,2,2,0,0,1,0,4,0,0,0,2,0,2,3,3,5,0,0,0,0,0,1,1,1,1,1,1,1,1,4,1,0,0,3,4,0,0,0,3,3,0,13,14,14,16
L11_F144890,1,2,3,4,5,1,2,3,3,3,1,1,1,2,3,1,1,1,1,2,1,2,2,3,3,0,0,3,2,2,1,1,2,2,2,1,2,3,2,2,0,0,1,0,4,0,0,0,2,0,2,3,3,5,0,0,0,0,0,1,1,1,1,1,1,1,1,4,1,0,0,3,4,0,2,0,3,3,0,13,14,14,16
L11_F151375,1,2,3,4,5,1,2,3,3,3,1,1,1,2,3,1,1,1,1,2,1,2,2,3,3,0,0,3,2,2,1,1,2,2,2,1,2,3,2,2,0,0,1,0,4,0,0,0,2,0,2,3,3,5,0,0,0,0,0,1,1,1,1,1,1,1,1,4,1,0,0,3,4,0,2,0,3,3,0,13,14,14,16
L11_F35425,1,2,3,4,5,1,2,3,3,3,1,1,1,2,3,1,1,1,1,2,1,2,2,3,3,0,0,3,2,2,1,1,2,2,2,1,2,3,2,2,0,0,1,0,4,0,0,0,2,0,2,3,3,5,0,0,0,0,0,1,1,1,1,1,1,1,1,4,1,0,0,3,4,0,2,0,3,3,0,13,14,14,16
L11_F41854,1,2,3,4,5,1,2,3,3,3,1,1,1,2,3,1,1,1,1,2,1,2,2,3,3,0,0,3,2,2,1,1,2,2,2,1,2,3,2,2,0,0,1,0,4,0,0,0,2,0,2,3,3,5,0,0,0,0,0,1,1,1,1,1,1,1,1,4,1,0,0,3,4,0,2,0,3,3,0,13,14,14,16
L12_F151419,0,0,0,0,0,1,2,3,4,4,1,1,1,1,2,1,2,3,3,4,1,1,1,2,2,0,0,0,0,0,1,1,0,0,0,1,2,0,2,0,1,2,2,2,0,1,0,2,0,0,2,3,3,3,0,0,0,0,0,1,1,1,2,1,0,2,2,3,1,2,0,4,4,0,2,0,3,0,0,11,12,12,14
L12_F2451,0,0,0,0,0,1,2,3,4,4,1,1,1,1,2,1,2,3,3,4,1,1,1,2,2,0,0,0,0,0,1,1,0,0,0,1,2,0,2,0,1,2,2,2,0,1,0,2,0,0,2,3,3,3,0,0,0,0,0,1,1,1,2,1,0,2,2,3,1,2,0,4,4,0,2,0,3,3,0,11,12,12,14
L12_F43503,0,0,0,0,0,1,2,3,4,4,1,1,1,1,2,1,2,3,3,4,1,1,1,2,2,0,0,0,0,0,1,1,0,0,0,1,2,0,2,0,1,2,2,2,0,1,0,2,0,0,2,3,3,3,0,0,0,0,0,1,1,1,2,1,0,2,2,3,1,2,0,4,4,0,2,2,0,0,0,11,12,12,14
L12_F47987,0,0,0,0,0,1,2,3,4,4,1,1,1,1,2,1,2,3,3,4,1,1,1,2,2,0,0,0,0,0,1,1,0,0,0,1,2,0,2,0,1,2,2,2,0,1,0,2,0,0,2,3,3,3,0,0,0,0,0,1,1,1,2,1,0,2,2,3,1,2,0,4,4,0,0,0,3,3,0,11,12,12,14
L12_F60,0,0,0,0,0,1,2,3,4,4,1,1,1,1,2,1,2,3,3,4,1,1,1,2,2,0,0,3,0,0,1,1,0,0,0,1,2,0,2,0,1,2,2,2,0,1,0,2,0,0,2,3,3,3,0,0,0,0,0,1,1,1,2,1,0,2,2,3,1,2,0,4,4,0,2,0,3,3,0,11,12,12,14
L12_F71226,0,0,0,0,0,1,2,3,4,4,1,1,1,1,2,1,2,3,3,4,1,1,1,2,2,0,0,0,0,0,1,1,0,0,0,1,2,0,2,0,1,2,2,2,0,1,0,2,0,0,2,3,3,3,0,0,0,0,0,1,1,1,2,1,0,2,2,3,1,2,0,4,4,0,2,0,3,3,0,11,12,12,14
L12_F73434,0,0,0,0,0,1,2,3,4,4,1,1,1,1,2,1,2,3,3,4,1,1,1,2,2,0,0,3,0,0,1,1,0,0,0,1,2,0,2,0,1,2,2,2,0,1,0,2,0,0,2,3,3,3,0,0,0,0,0,1,1,1,2,1,0,2,2,3,1,2,0,4,4,0,2,0,3,3,0,11,12,12,14
L12_F84589,0,0,0,0,0,1,2,3,4,4,1,1,1,1,2,1,2,3,3,4,1,1,1,2,2,0,0,0,0,0,1,1,0,0,0,1,2,0,2,0,1,2,2,2,0,1,0,2,0,0,2,3,3,3,0,0,0,0,0,1,1,1,2,1,0,2,2,3,1,2,0,4,4,0,0,0,3,3,0,11,12,12,14
L12_F84903,0,0,0,0,0,1,2,3,4,4,1,1,1,1,2,1,2,3,3,4,1,1,1,2,2,0,0,0,0,0,1,1,0,0,0,1,2,0,2,0,1,2,2,2,0,1,0,2,0,0,2,3,3,3,0,0,0,0,0,1,1,1,2,1,0,2,2,3,1,2,0,4,4,0,2,2,0,0,0,11,12,12,14
L13_F102755,0,0,0,0,0,1,2,3,4,5,0,0,0,0,1,1,2,3,4,5,0,0,0,1,1,0,0,3,0,0,0,0,3,0,3,1,2,0,2,0,0,0,0,2,0,1,0,0,0,0,2,3,3,3,0,0,0,0,4,3,3,0,3,0,2,0,0,1,0,1,1,1,1,1,0,3,1,1,2,10,11,11,13
L13_F45942,0,0,0,0,0,1,2,3,4,5,0,0,0,0,1,1,2,3,4,5,0,0,0,1,1,0,0,3,0,0,0,0,3,0,3,1,2,0,2,0,0,0,0,2,0,1,0,0,0,0,2,3,3,3,0,0,0,0,4,3,3,0,3,0,2,0,0,1,0,1,1,1,1,1,0,3,1,1,2,10,11,11,13
L13_F57499,0,0,0,0,0,1,2,3,4,5,0,0,0,0,1,1,2,3,4,5,0,0,0,1,1,0,0,3,0,0,0,0,3,0,3,1,2,0,2,0,0,0,0,2,0,1,0,0,0,0,2,3,3,3,0,0,0,0,4,3,3,0,3,0,2,0,0,1,0,1,1,1,1,1,0,3,1,1,2,10,11,11,13
L13_F58969,0,0,0,0,0,1,2,3,4,5,0,0,0,0,1,1,2,3,4,5,0,0,0,1,1,0,0,3,0,0,0,0,3,0,3,1,2,0,2,0,0,0,0,2,0,1,0,0,0,0,2,3,3,3,0,0,0,0,4,3,3,0,3,0,2,0,0,1,0,1,1,1,1,0,0,3,1,1,2,10,11,11,13
L14_F140141,0,0,0,0,0,1,1,2,2,2,1,2,3,4,5,1,2,3,4,5,1,2,3,4,5,1,2,2,0,0,1,2,1,1,1,0,1,1,1,0,1,2,2,2,0,1,0,2,0,0,0,0,4,4,0,0,0,0,0,4,4,1,4,1,1,1,1,0,1,2,3,0,3,0,2,2,0,0,2,9,10,10,12
L14_F149605,0,0,0,0,0,1,1,2,2,2,1,2,3,4,5,1,2,3,4,5,1,2,3,4,5,1,2,2,0,0,1,2,1,1,1,0,1,1,1,0,1,2,2,2,0,1,0,2,0,0,0,0,4,4,0,0,0,0,0,4,4,1,4,1,1,1,1,0,1,2,3,0,3,0,2,2,0,5,2,9,10,10,12
L14_F155768,0,0,0,0,0,1,1,2,2,2,1,2,3,4,5,1,2,3,4,5,1,2,3,4,5,1,2,2,0,0,1,2,1,1,1,0,1,1,1,0,1,2,2,2,0,1,0,2,0,0,0,0,4,4,0,0,0,0,0,4,4,1,4,1,1,1,1,0,1,2,3,0,3,0,2,2,0,5,2,9,10,10,12
L14_F157580,0,0,0,0,0,1,1,2,2,2,1,2,3,4,5,1,2,3,4,5,1,2,3,4,5,1,2,2,0,0,1,2,1,1,1,0,1,1,1,0,1,2,2,2,0,1,0,2,0,0,0,0,4,4,0,0,0,0,0,4,4,1,4,1,1,1,1,0,1,2,3,0,3,0,2,2,0,5,2,9,10,10,12
L14_F16839,0,0,0,0,0,1,1,2,2,2,1,2,3,4,5,1,2,3,4,5,1,2,3,4,5,1,2,2,0,0,1,2,1,1,1,0,1,1,1,0,1,2,2,2,0,1,0,2,0,0,0,0,4,4,0,0,0,0,0,4,4,1,4,1,1,1,1,0,1,2,3,0,3,0,2,2,0,5,2,9,10,10,12
L14_F22429,0,0,0,0,0,1,1,2,2,2,1,2,3,4,5,1,2,3,4,5,1,2,3,4,5,1,2,2,0,0,1,2,1,1,1,0,1,1,1,0,1,2,2,2,0,1,0,2,0,0,0,0,4,4,0,0,0,0,0,4,4,1,4,1,1,1,1,0,1,2,3,0,3,0,2,2,0,5,2,9,10,10,12
L14_F41157,0,0,0,0,0,1,1,2,2,2,1,2,3,4,5,1,2,3,4,5,1,2,3,4,5,1,2,2,0,0,1,2,1,1,1,0,1,1,1,0,1,2,2,2,0,1,0,2,0,0,0,0,4,4,0,0,0,0,0,4,4,1,4,1,1,1,1,0,1,2,3,0,3,0,2,2,0,5,2,9,10,10,12
L14_F89354,0,0,0,0,0,1,1,2,2,2,1,2,3,4,5,1,2,3,4,5,1,2,3,4,5,1,2,2,0,0,1,2,1,1,1,0,1,1,1,0,1,2,2,2,0,1,0,2,0,0,0,0,4,4,0,0,0,0,0,4,4,1,4,1,1,1,1,0,1,2,3,0,3,0,2,2,0,5,2,9,10,10,12
L15_F102860,1,2,2,3,3,0,0,0,0,0,0,0,0,0,0,0,0,0,0,0,0,0,0,0,0,0,0,0,4,3,0,0,0,3,4,1,2,0,0,4,0,0,1,0,4,0,0,0,2,1,2,3,3,5,0,0,0,0,0,2,2,1,5,0,0,3,3,2,0,1,1,2,5,1,0,3,1,1,0,3,4,3,4
L15_F103081,1,2,2,3,3,0,0,0,0,0,0,0,0,0,0,0,0,0,0,0,0,0,0,0,0,0,0,0,4,3,0,0,0,3,4,1,2,0,0,4,0,0,1,0,4,0,0,0,2,1,2,3,3,3,0,0,0,0,0,2,2,1,5,0,0,3,3,2,0,1,1,2,5,1,0,3,1,1,0,3,4,3,4
L15_F116670,1,2,2,3,3,0,0,0,0,0,0,0,0,0,0,0,0,0,0,0,0,0,0,0,0,0,0,0,4,3,0,0,0,3,4,1,2,0,0,4,0,0,1,0,4,0,0,0,2,1,2,3,3,3,0,0,0,0,0,2,2,1,5,0,0,3,3,2,0,1,1,2,5,1,0,3,1,1,0,3,4,3,4
L15_F131929,1,2,2,3,3,0,0,0,0,0,0,0,0,0,0,0,0,0,0,0,0,0,0,0,0,0,0,0,4,3,0,0,0,3,4,1,2,0,0,4,0,0,1,0,4,0,0,0,2,1,2,3,3,5,0,0,0,0,0,2,2,1,5,0,0,3,3,2,0,1,1,2,5,1,0,3,1,1,0,3,4,3,4
L15_F137225,1,2,2,3,3,0,0,0,0,0,0,0,0,0,0,0,0,0,0,0,0,0,0,0,0,0,0,0,4,3,0,0,0,3,4,1,2,0,0,4,0,0,1,0,4,0,0,0,2,1,2,3,3,5,0,0,0,0,0,2,2,1,5,0,0,3,3,2,0,1,1,2,5,1,0,3,1,1,0,3,4,3,4
L15_F145828,1,2,2,3,3,0,0,0,0,0,0,0,0,0,0,0,0,0,0,0,0,0,0,0,0,0,0,0,4,3,0,0,0,3,4,1,2,0,0,4,0,0,1,0,4,0,0,0,2,1,2,3,3,5,0,0,0,0,0,2,2,1,5,0,0,3,3,2,0,1,1,2,5,1,0,3,1,1,0,3,4,3,4
L15_F15507,1,2,2,3,3,0,0,0,0,0,0,0,0,0,0,0,0,0,0,0,0,0,0,0,0,0,0,0,4,3,0,0,0,3,4,1,2,0,0,4,0,0,1,0,4,0,0,0,2,0,2,3,3,5,0,0,0,0,0,2,2,1,5,0,0,3,3,2,0,1,1,2,5,1,0,3,1,1,0,3,4,3,4
L15_F155176,1,2,2,3,3,0,0,0,0,0,0,0,0,0,0,0,0,0,0,0,0,0,0,0,0,0,0,0,4,3,0,0,0,3,4,1,2,0,0,4,0,0,1,0,4,0,0,0,2,1,2,3,3,5,0,0,0,0,0,2,2,1,5,0,0,3,3,2,0,1,1,2,5,1,0,3,1,1,0,3,4,3,4
L15_F158538,1,2,2,3,3,0,0,0,0,0,0,0,0,0,0,0,0,0,0,0,0,0,0,0,0,0,0,0,4,3,0,0,0,3,4,1,2,0,0,4,0,0,1,0,4,0,0,0,2,1,2,3,3,5,0,0,0,0,0,2,2,1,5,0,0,3,3,2,0,1,1,2,5,1,0,3,1,1,0,3,4,3,4
L15_F162945,1,2,2,3,3,0,0,0,0,0,0,0,0,0,0,0,0,0,0,0,0,0,0,0,0,0,0,0,4,3,0,0,0,3,4,1,2,0,0,4,0,0,1,0,4,0,0,0,2,1,2,3,3,5,0,0,0,0,0,2,2,1,5,0,0,3,3,2,0,1,1,2,5,1,0,3,1,1,0,3,4,3,4
L15_F30837,1,2,2,3,3,0,0,0,0,0,0,0,0,0,0,0,0,0,0,0,0,0,0,0,0,0,0,0,4,3,0,0,0,3,4,1,2,0,0,4,0,0,1,0,4,0,0,0,2,1,2,3,3,5,0,0,0,0,0,2,2,1,5,0,0,3,3,2,0,1,1,2,5,1,0,3,1,1,0,3,4,3,4
L15_F47152,1,2,2,3,3,0,0,0,0,0,0,0,0,0,0,0,0,0,0,0,0,0,0,0,0,0,0,0,4,3,0,0,0,3,4,1,2,0,0,4,0,0,1,0,4,0,0,0,2,1,2,3,3,5,0,0,0,0,0,2,2,1,5,0,0,3,3,2,0,1,1,2,5,1,0,3,1,1,0,3,4,3,4
L15_F5513,1,2,2,3,3,0,0,0,0,0,0,0,0,0,0,0,0,0,0,0,0,0,0,0,0,0,0,0,4,3,0,0,0,3,4,1,2,0,0,4,0,0,1,0,4,0,0,0,2,1,2,3,3,5,0,0,0,0,0,2,2,1,5,0,0,3,3,2,0,1,1,2,5,1,0,3,1,1,0,3,4,3,4
L15_F64857,1,2,2,3,3,0,0,0,0,0,0,0,0,0,0,0,0,0,0,0,0,0,0,0,0,0,0,0,4,3,0,0,0,3,4,1,2,0,0,4,0,0,1,0,4,0,0,0,2,1,2,3,3,5,0,0,0,0,0,2,2,1,5,0,0,3,3,2,0,1,1,2,5,1,0,3,1,1,0,3,4,3,4
L15_F73021,1,2,2,3,3,0,0,0,0,0,0,0,0,0,0,0,0,0,0,0,0,0,0,0,0,0,0,0,4,3,0,0,0,3,4,1,2,0,0,4,0,0,1,0,4,0,0,0,2,1,2,3,3,5,0,0,0,0,0,2,2,1,5,0,0,3,3,2,0,1,1,2,5,1,0,3,1,1,0,3,4,3,4
L15_F7839,1,2,2,3,3,0,0,0,0,0,0,0,0,0,0,0,0,0,0,0,0,0,0,0,0,0,0,0,4,3,0,0,0,3,4,1,2,0,0,4,0,0,1,0,4,0,0,0,2,1,2,3,3,5,0,0,0,0,0,2,2,1,5,0,0,3,3,2,0,1,1,2,5,1,0,3,1,1,0,3,4,3,4
L15_F89707,1,2,2,3,3,0,0,0,0,0,0,0,0,0,0,0,0,0,0,0,0,0,0,0,0,0,0,0,4,3,0,0,0,3,4,1,2,0,0,4,0,0,1,0,4,0,0,0,2,1,2,3,3,5,0,0,0,0,0,2,2,1,5,0,0,3,3,2,0,1,1,2,5,1,0,3,1,1,0,3,4,3,4
L15_F90974,1,2,2,3,3,0,0,0,0,0,0,0,0,0,0,0,0,0,0,0,0,0,0,0,0,0,0,0,4,3,0,0,0,3,4,1,2,0,0,4,0,0,1,0,4,0,0,0,2,1,2,3,3,5,0,0,0,0,0,2,2,1,5,0,0,3,3,2,0,1,1,2,5,1,0,3,1,1,0,3,4,3,4
L16_F108491,1,1,1,2,2,0,0,1,1,1,1,1,1,2,3,1,2,2,2,3,1,2,3,4,4,0,1,1,1,4,1,1,2,2,2,1,0,2,4,3,1,1,3,4,1,1,2,1,1,1,1,1,4,4,0,0,0,0,0,0,0,1,6,1,1,1,1,4,1,0,2,3,0,1,0,3,1,1,3,8,9,8,10
L16_F14097,1,1,1,2,2,0,0,1,1,1,1,1,1,2,3,1,2,2,2,3,1,2,3,4,4,0,1,1,1,4,1,1,2,2,2,1,0,2,4,3,1,1,3,4,1,1,2,1,1,1,1,1,4,4,0,0,0,0,0,0,0,0,6,1,1,1,1,4,1,0,2,3,0,1,0,3,1,1,3,8,9,8,10
L16_F150340,1,1,1,2,2,0,0,1,1,1,1,1,1,2,3,1,2,2,2,3,1,2,3,4,4,0,1,1,1,4,1,1,2,2,2,1,0,2,4,3,1,1,3,4,1,1,2,1,1,1,1,1,4,4,0,0,0,0,0,0,0,0,6,1,1,1,1,4,1,0,2,3,0,1,0,3,1,1,3,8,9,8,10
L16_F33974,1,1,1,2,2,0,0,1,1,1,1,1,1,2,3,1,2,2,2,3,1,2,3,4,4,0,1,1,1,4,1,1,2,2,2,1,0,2,4,3,1,1,3,4,1,1,2,1,1,1,1,1,4,4,0,0,0,0,0,0,0,1,6,1,1,1,1,4,1,0,2,3,0,1,0,3,1,1,3,8,9,8,10
L16_F36058,1,1,1,2,2,0,0,1,1,1,1,1,1,2,3,1,2,2,2,3,1,2,3,4,4,0,1,1,1,4,1,1,2,2,2,1,0,2,4,3,1,1,3,4,1,1,2,1,1,1,1,1,4,4,0,0,0,0,0,0,0,0,6,1,1,1,1,4,1,0,2,3,0,1,0,3,1,1,3,8,9,8,10
L16_F38521,1,1,1,2,2,0,0,1,1,1,1,1,1,2,3,1,2,2,2,3,1,2,3,4,4,0,1,1,1,4,1,1,2,2,2,1,0,2,4,3,1,1,3,4,1,1,2,1,1,1,1,1,4,4,0,0,0,0,0,0,0,0,6,1,1,1,1,4,1,0,2,3,0,1,0,3,1,1,3,8,9,8,10
L16_F46637,1,1,1,2,2,0,0,1,1,1,1,1,1,2,3,1,2,2,2,3,1,2,3,4,4,0,1,1,1,4,1,1,2,2,2,1,0,2,4,3,1,1,3,4,1,1,2,1,1,1,1,1,4,4,0,0,0,0,0,0,0,1,6,1,1,1,1,4,1,0,2,3,0,1,0,3,1,1,3,8,9,8,10
L16_F53285,1,1,1,2,2,0,0,1,1,1,1,1,1,2,3,1,2,2,2,3,1,2,3,4,4,0,1,1,1,4,1,1,2,2,2,1,0,2,4,3,1,1,3,4,1,1,2,1,1,1,1,1,4,4,0,0,0,0,0,0,0,1,6,1,1,1,1,4,1,0,2,3,0,1,0,3,1,1,3,8,9,8,10
L16_F78897,1,1,1,2,2,0,0,1,1,1,1,1,1,2,3,1,2,2,2,3,1,2,3,4,4,0,1,1,1,4,1,1,2,2,2,1,0,2,4,3,1,1,3,4,1,1,2,1,1,1,1,1,4,4,0,0,0,0,0,0,0,0,6,1,1,1,1,4,1,0,2,3,0,1,0,3,1,1,3,8,9,8,10
L16_F82007,1,1,1,2,2,0,0,1,1,1,1,1,1,2,3,1,2,2,2,3,1,2,3,4,4,0,1,1,1,4,1,1,2,2,2,1,0,2,4,3,1,1,3,4,1,1,2,1,1,1,1,1,4,4,0,0,0,0,0,0,0,1,6,1,1,1,1,4,1,0,2,3,0,1,0,3,1,1,3,8,9,8,10
L16_F82587,1,1,1,2,2,0,0,1,1,1,1,1,1,2,3,1,2,2,2,3,1,2,3,4,4,0,1,1,1,4,1,1,2,2,2,1,0,2,4,3,1,1,3,4,1,1,2,1,1,1,1,1,4,4,0,0,0,0,0,0,0,1,6,1,1,1,1,4,1,0,2,3,0,1,0,3,1,1,3,8,9,8,10
L16_F95099,1,1,1,2,2,0,0,1,1,1,1,1,1,2,3,1,2,2,2,3,1,2,3,4,4,0,1,1,1,4,1,1,2,2,2,1,0,2,4,3,1,1,3,4,1,1,2,1,1,1,1,1,4,4,0,0,0,0,0,0,0,1,6,1,1,1,1,4,1,0,2,3,0,1,0,3,1,1,3,8,9,8,10
L16_F98578,1,1,1,2,2,0,0,1,1,1,1,1,1,2,3,1,2,2,2,3,1,2,3,4,4,0,1,1,1,4,1,1,2,2,2,1,0,2,4,3,1,1,3,4,1,1,2,1,1,1,1,1,4,4,0,0,0,0,0,0,0,1,6,1,1,1,1,4,1,0,2,3,0,1,0,3,1,1,3,8,9,8,10
L17_F106541,0,0,0,1,1,1,1,2,2,2,1,2,3,4,5,1,2,3,4,5,1,2,3,4,5,1,2,0,0,5,1,2,1,1,1,0,1,1,1,0,1,1,3,1,5,1,2,1,3,0,0,3,4,4,0,0,0,0,0,4,4,1,4,1,1,1,4,5,1,2,3,0,2,0,2,2,0,0,1,9,10,9,11
L17_F107550,0,0,0,1,1,1,1,2,2,2,1,2,3,4,5,1,2,3,4,5,1,2,3,4,5,1,2,0,0,5,1,2,1,1,1,0,1,1,1,0,1,1,3,1,5,1,2,1,3,0,0,3,4,4,0,0,0,0,0,4,4,1,4,1,1,1,4,5,1,2,3,0,2,0,2,2,0,0,1,9,10,9,11
L17_F111674,0,0,0,1,1,1,1,2,2,2,1,2,3,4,5,1,2,3,4,5,1,2,3,4,5,1,2,0,0,5,1,2,1,1,1,0,1,1,1,0,1,1,3,1,5,1,2,1,3,0,0,3,4,4,0,0,0,0,0,4,4,1,4,1,1,1,4,5,1,2,3,0,2,0,2,2,0,0,1,9,10,9,11
L17_F122323,0,0,0,1,1,1,1,2,2,2,1,2,3,4,5,1,2,3,4,5,1,2,3,4,5,1,2,0,0,5,1,2,1,1,1,0,1,1,1,0,1,1,3,1,5,1,2,1,3,0,0,3,4,4,0,0,0,0,0,4,4,1,4,1,1,1,4,5,1,2,3,0,2,0,2,2,0,5,1,9,10,9,11
L17_F124365,0,0,0,1,1,1,1,2,2,2,1,2,3,4,5,1,2,3,4,5,1,2,3,4,5,1,2,0,0,5,1,2,1,1,1,0,1,1,1,0,1,1,3,1,5,1,2,1,3,0,0,0,4,4,0,0,0,0,0,4,4,1,4,1,1,1,4,5,1,2,3,0,2,0,2,2,0,5,1,9,10,9,11
L17_F13821,0,0,0,1,1,1,1,2,2,2,1,2,3,4,5,1,2,3,4,5,1,2,3,4,5,1,2,0,0,5,1,2,1,1,1,0,1,1,1,0,1,1,3,1,5,1,2,1,3,0,0,3,4,4,0,0,0,0,0,4,4,1,4,1,1,1,4,5,1,2,3,0,2,0,2,2,0,5,1,9,10,9,11
L17_F140342,0,0,0,1,1,1,1,2,2,2,1,2,3,4,5,1,2,3,4,5,1,2,3,4,5,1,2,0,0,5,1,2,1,1,1,0,1,1,1,0,1,1,3,1,5,1,2,1,3,0,0,0,4,4,0,0,0,0,0,4,4,1,4,1,1,1,4,5,1,2,3,0,2,0,2,2,0,5,1,9,10,9,11
L17_F142046,0,0,0,1,1,1,1,2,2,2,1,2,3,4,5,1,2,3,4,5,1,2,3,4,5,1,2,0,0,5,1,2,1,1,1,0,1,1,1,0,1,1,3,1,5,1,2,1,3,0,0,3,4,4,0,0,0,0,0,4,4,1,4,1,1,1,4,5,1,2,3,0,2,0,2,2,0,5,1,9,10,9,11
L17_F153539,0,0,0,1,1,1,1,2,2,2,1,2,3,4,5,1,2,3,4,5,1,2,3,4,5,1,2,0,0,5,1,2,1,1,1,0,1,1,1,0,1,1,3,1,5,1,2,1,3,0,0,0,4,4,0,0,0,0,0,4,4,1,4,1,1,1,4,5,1,2,3,0,2,0,2,2,0,5,1,9,10,9,11
L17_F153993,0,0,0,1,1,1,1,2,2,2,1,2,3,4,5,1,2,3,4,5,1,2,3,4,5,1,2,0,0,5,1,2,1,1,1,0,1,1,1,0,1,1,3,1,5,1,2,1,3,0,0,0,4,4,0,0,0,0,0,4,4,1,4,1,1,1,4,5,1,2,3,0,2,0,2,2,0,5,1,9,10,9,11
L17_F154955,0,0,0,1,1,1,1,2,2,2,1,2,3,4,5,1,2,3,4,5,1,2,3,4,5,1,2,0,0,5,1,2,1,1,1,0,1,1,1,0,1,1,3,1,5,1,2,1,3,0,0,3,4,4,0,0,0,0,0,4,4,1,4,1,1,1,4,5,1,2,3,0,2,0,2,2,0,5,1,9,10,9,11
L17_F22166,0,0,0,1,1,1,1,2,2,2,1,2,3,4,5,1,2,3,4,5,1,2,3,4,5,1,2,0,0,5,1,2,1,1,1,0,1,1,1,0,1,1,3,1,5,1,2,1,3,0,0,1,4,4,0,0,0,0,0,4,4,1,4,1,1,1,4,5,1,2,3,0,2,0,2,2,0,0,1,9,10,9,11
L17_F63126,0,0,0,1,1,1,1,2,2,2,1,2,3,4,5,1,2,3,4,5,1,2,3,4,5,1,2,0,0,5,1,2,1,1,1,0,1,1,1,0,1,1,3,1,5,1,2,1,3,0,0,0,4,4,0,0,0,0,0,4,4,1,4,1,1,1,4,5,1,2,3,0,2,0,2,2,0,5,1,9,10,9,11
L17_F65388,0,0,0,1,1,1,1,2,2,2,1,2,3,4,5,1,2,3,4,5,1,2,3,4,5,1,2,0,0,5,1,2,1,1,1,0,1,1,1,0,1,1,3,1,5,1,2,1,3,0,0,1,4,4,0,0,0,0,0,4,4,1,4,1,1,1,4,5,1,2,3,0,2,0,2,0,3,0,1,9,10,9,11
L17_F6720,0,0,0,1,1,1,1,2,2,2,1,2,3,4,5,1,2,3,4,5,1,2,3,4,5,1,2,0,0,5,1,2,1,1,1,0,1,1,1,0,1,1,3,1,5,1,2,1,3,0,0,1,4,4,0,0,0,0,0,4,4,1,4,1,1,1,4,5,1,2,3,0,2,0,2,2,0,0,1,9,10,9,11
L17_F71129,0,0,0,1,1,1,1,2,2,2,1,2,3,4,5,1,2,3,4,5,1,2,3,4,5,1,2,0,0,5,1,2,1,1,1,0,1,1,1,0,1,1,3,1,5,1,2,1,3,0,0,0,4,4,0,0,0,0,0,4,4,1,4,1,1,1,4,5,1,2,3,0,2,0,2,2,0,0,1,9,10,9,11
L17_F91390,0,0,0,1,1,1,1,2,2,2,1,2,3,4,5,1,2,3,4,5,1,2,3,4,5,1,2,0,0,5,1,2,1,1,1,0,1,1,1,0,1,1,3,1,5,1,2,1,3,0,0,0,4,4,0,0,0,0,0,4,4,1,4,1,1,1,4,5,1,2,3,0,2,0,2,2,0,0,1,9,10,9,11
L18_F100148,0,0,0,0,0,1,2,3,4,5,0,0,0,0,1,1,2,3,4,5,0,0,0,1,1,0,0,0,0,0,0,0,3,0,3,1,2,0,2,0,0,0,0,2,0,1,0,0,0,0,2,3,3,3,0,0,0,0,4,1,1,0,8,0,2,0,0,1,0,1,1,1,1,0,0,0,3,3,0,7,8,7,9
L18_F106139,0,0,0,0,0,1,2,3,4,5,0,0,0,0,1,1,2,3,4,5,0,0,0,1,1,0,0,0,0,0,0,0,3,0,3,1,2,0,2,0,0,0,0,2,0,1,0,0,0,0,2,3,3,3,0,0,0,0,4,1,1,0,8,0,2,0,0,1,0,1,1,1,1,0,0,0,3,3,0,7,8,7,9
L18_F108180,0,0,0,0,0,1,2,3,4,5,0,0,0,0,1,1,2,3,4,5,0,0,0,1,1,0,0,0,0,0,0,0,3,0,3,1,2,0,2,0,0,0,0,2,0,1,0,0,0,0,2,3,3,3,0,0,0,0,4,1,1,0,8,0,2,0,0,1,0,1,1,1,1,0,2,0,3,3,0,7,8,7,9
L18_F118333,0,0,0,0,0,1,2,3,4,5,0,0,0,0,1,1,2,3,4,5,0,0,0,1,1,0,0,0,0,0,0,0,3,0,3,1,2,0,2,0,0,0,0,2,0,1,0,0,0,0,2,3,3,3,0,0,0,0,4,1,1,0,8,0,2,0,0,1,0,1,1,1,1,0,0,0,3,3,0,7,8,7,9
L18_F121313,0,0,0,0,0,1,2,3,4,5,0,0,0,0,1,1,2,3,4,5,0,0,0,1,1,0,0,0,0,0,0,0,3,0,3,1,2,0,2,0,0,0,0,2,0,1,0,0,0,0,2,3,3,3,0,0,0,0,4,1,1,0,8,0,2,0,0,1,0,1,1,1,1,0,0,0,3,3,0,7,8,7,9
L18_F122441,0,0,0,0,0,1,2,3,4,5,0,0,0,0,1,1,2,3,4,5,0,0,0,1,1,0,0,0,0,0,0,0,3,0,3,1,2,0,2,0,0,0,0,2,0,1,0,0,0,0,2,3,3,3,0,0,0,0,4,1,1,0,8,0,2,0,0,1,0,1,1,1,1,0,0,0,3,3,0,7,8,7,9
L18_F123586,0,0,0,0,0,1,2,3,4,5,0,0,0,0,1,1,2,3,4,5,0,0,0,1,1,0,0,0,0,0,0,0,3,0,3,1,2,0,2,0,0,0,0,2,0,1,0,0,0,0,2,3,3,3,0,0,0,0,4,1,1,0,8,0,2,0,0,1,0,1,1,1,1,0,0,0,3,3,0,7,8,7,9
L18_F152260,0,0,0,0,0,1,2,3,4,5,0,0,0,0,1,1,2,3,4,5,0,0,0,1,1,0,0,0,0,0,0,0,3,0,3,1,2,0,2,0,0,0,0,2,0,1,0,0,0,0,2,3,3,3,0,0,0,0,4,1,1,0,8,0,2,0,0,1,0,1,1,1,1,0,0,0,3,3,0,7,8,7,9
L18_F155462,0,0,0,0,0,1,2,3,4,5,0,0,0,0,1,1,2,3,4,5,0,0,0,1,1,0,0,0,0,0,0,0,3,0,3,1,2,0,2,0,0,0,0,2,0,1,0,0,0,0,2,3,3,3,0,0,0,0,4,1,1,0,8,0,2,0,0,1,0,1,1,1,1,0,0,0,3,3,0,7,8,7,9
L18_F15953,0,0,0,0,0,1,2,3,4,5,0,0,0,0,1,1,2,3,4,5,0,0,0,1,1,0,0,0,0,0,0,0,3,0,3,1,2,0,2,0,0,0,0,2,0,1,0,0,0,0,2,3,3,3,0,0,0,0,4,1,1,0,8,0,2,0,0,1,0,1,1,1,1,0,0,0,3,3,0,7,8,7,9
L18_F161367,0,0,0,0,0,1,2,3,4,5,0,0,0,0,1,1,2,3,4,5,0,0,0,1,1,0,0,0,0,0,0,0,3,0,3,1,2,0,2,0,0,0,0,2,0,1,0,0,0,0,2,3,3,3,0,0,0,0,4,1,1,0,8,0,2,0,0,1,0,1,1,1,1,0,0,0,3,3,0,7,8,7,9
L18_F21349,0,0,0,0,0,1,2,3,4,5,0,0,0,0,1,1,2,3,4,5,0,0,0,1,1,0,0,0,0,0,0,0,3,0,3,1,2,0,2,0,0,0,0,2,0,1,0,0,0,0,2,3,3,3,0,0,0,0,4,1,1,0,8,0,2,0,0,1,0,1,1,1,1,0,0,0,3,3,0,7,8,7,9
L18_F35752,0,0,0,0,0,1,2,3,4,5,0,0,0,0,1,1,2,3,4,5,0,0,0,1,1,0,0,0,0,0,0,0,3,0,3,1,2,0,2,0,0,0,0,2,0,1,0,0,0,0,2,3,3,3,0,0,0,0,4,1,1,0,8,0,2,0,0,1,0,1,1,1,1,0,0,0,3,3,0,7,8,7,9
L18_F41804,0,0,0,0,0,1,2,3,4,5,0,0,0,0,1,1,2,3,4,5,0,0,0,1,1,0,0,0,0,0,0,0,3,0,3,1,2,0,2,0,0,0,0,2,0,1,0,0,0,0,2,3,3,3,0,0,0,0,4,1,1,0,8,0,2,0,0,1,0,1,1,1,1,0,0,0,3,3,0,7,8,7,9
L18_F47369,0,0,0,0,0,1,2,3,4,5,0,0,0,0,1,1,2,3,4,5,0,0,0,1,1,0,0,0,0,0,0,0,3,0,3,1,2,0,2,0,0,0,0,2,0,1,0,0,0,0,2,3,3,3,0,0,0,0,4,1,1,0,8,0,2,0,0,1,0,1,1,1,1,0,0,0,3,3,0,7,8,7,9
L18_F61271,0,0,0,0,0,1,2,3,4,5,0,0,0,0,1,1,2,3,4,5,0,0,0,1,1,0,0,0,0,0,0,0,3,0,3,1,2,0,2,0,0,0,0,2,0,1,0,0,0,0,2,3,3,3,0,0,0,0,4,1,1,0,8,0,2,0,0,1,0,1,1,1,1,0,0,0,3,3,0,7,8,7,9
L18_F88446,0,0,0,0,0,1,2,3,4,5,0,0,0,0,1,1,2,3,4,5,0,0,0,1,1,0,0,0,0,0,0,0,3,0,3,1,2,0,2,0,0,0,0,2,0,1,0,0,0,0,2,3,3,3,0,0,0,0,4,1,1,0,8,0,2,0,0,1,0,1,1,1,1,0,0,0,3,3,0,7,8,7,9
L19_F114972,1,2,3,4,5,1,2,3,4,5,0,0,0,0,1,1,1,1,1,1,0,0,0,1,1,0,0,3,2,2,0,0,3,4,3,1,2,3,2,2,0,0,1,0,4,0,1,0,2,1,2,3,3,5,0,0,0,0,4,1,1,0,9,0,2,0,0,1,0,1,1,1,1,1,0,3,1,1,0,14,15,15,17
L19_F130590,1,2,3,4,5,1,2,3,4,5,0,0,0,0,1,1,1,1,1,1,0,0,0,1,1,0,0,3,2,2,0,0,3,4,3,1,2,3,2,2,0,0,1,0,4,0,1,0,2,1,2,3,3,5,0,0,0,0,4,1,1,0,9,0,2,0,0,1,0,1,1,1,1,1,0,3,1,1,0,14,15,15,17
L19_F133226,1,2,3,4,5,1,2,3,4,5,0,0,0,0,1,1,1,1,1,1,0,0,0,1,1,0,0,3,2,2,0,0,3,4,3,1,2,3,2,2,0,0,1,0,4,0,1,0,2,1,2,3,3,5,0,0,0,0,4,1,1,0,9,0,2,0,0,1,0,1,1,1,1,1,0,3,1,1,0,14,15,15,17
L19_F134604,1,2,3,4,5,1,2,3,4,5,0,0,0,0,1,1,1,1,1,1,0,0,0,1,1,0,0,3,2,2,0,0,3,4,3,1,2,3,2,2,0,0,1,0,4,0,1,0,2,1,2,3,3,5,0,0,0,0,4,1,1,0,9,0,2,0,0,1,0,1,1,1,1,1,0,3,1,1,0,14,15,15,17
L19_F139404,1,2,3,4,5,1,2,3,4,5,0,0,0,0,1,1,1,1,1,1,0,0,0,1,1,0,0,3,2,2,0,0,3,4,3,1,2,3,2,2,0,0,1,0,4,0,1,0,2,1,2,3,3,5,0,0,0,0,4,1,1,0,9,0,2,0,0,1,0,1,1,1,1,1,0,3,1,1,0,14,15,15,17
L19_F146343,1,2,3,4,5,1,2,3,4,5,0,0,0,0,1,1,1,1,1,1,0,0,0,1,1,0,0,3,2,2,0,0,3,4,3,1,2,3,2,2,0,0,1,0,4,0,1,0,2,1,2,3,3,5,0,0,0,0,4,1,1,0,9,0,2,0,0,1,0,1,1,1,1,1,0,3,1,1,0,14,15,15,17
L19_F148791,1,2,3,4,5,1,2,3,4,5,0,0,0,0,1,1,1,1,1,1,0,0,0,1,1,0,0,3,2,2,0,0,3,4,3,1,2,3,2,2,0,0,1,0,4,0,1,0,2,1,2,3,3,5,0,0,0,0,4,1,1,0,9,0,2,0,0,1,0,1,1,1,1,1,0,3,1,1,0,14,15,15,17
L19_F161562,1,2,3,4,5,1,2,3,4,5,0,0,0,0,1,1,1,1,1,1,0,0,0,1,1,0,0,3,2,2,0,0,3,4,3,1,2,3,2,2,0,0,1,0,4,0,1,0,2,1,2,3,3,5,0,0,0,0,4,1,1,0,9,0,2,0,0,1,0,1,1,1,1,1,0,3,1,1,0,14,15,15,17
L19_F25394,1,2,3,4,5,1,2,3,4,5,0,0,0,0,1,1,1,1,1,1,0,0,0,1,1,0,0,3,2,2,0,0,3,4,3,1,2,3,2,2,0,0,1,0,4,0,1,0,2,1,2,3,3,5,0,0,0,0,4,1,1,0,9,0,2,0,0,1,0,1,1,1,1,1,0,3,1,1,0,14,15,15,17
L19_F36630,1,2,3,4,5,1,2,3,4,5,0,0,0,0,1,1,1,1,1,1,0,0,0,1,1,0,0,3,2,2,0,0,3,4,3,1,2,3,2,2,0,0,1,0,4,0,1,0,2,1,2,3,3,5,0,0,0,0,4,1,1,0,9,0,2,0,0,1,0,1,1,1,1,1,0,3,1,1,0,14,15,15,17
L19_F37376,1,2,3,4,5,1,2,3,4,5,0,0,0,0,1,1,1,1,1,1,0,0,0,1,1,0,0,3,2,2,0,0,3,4,3,1,2,3,2,2,0,0,1,0,4,0,1,0,2,1,2,3,3,5,0,0,0,0,4,1,1,0,9,0,2,0,0,1,0,1,1,1,1,1,0,3,1,1,0,14,15,15,17
L19_F39488,1,2,3,4,5,1,2,3,4,5,0,0,0,0,1,1,1,1,1,1,0,0,0,1,1,0,0,3,2,2,0,0,3,4,3,1,2,3,2,2,0,0,1,0,4,0,1,0,2,1,2,3,3,5,0,0,0,0,4,1,1,0,9,0,2,0,0,1,0,1,1,1,1,1,0,3,1,1,0,14,15,15,17
L19_F41536,1,2,3,4,5,1,2,3,4,5,0,0,0,0,1,1,1,1,1,1,0,0,0,1,1,0,0,3,2,2,0,0,3,4,3,1,2,3,2,2,0,0,1,0,4,0,1,0,2,1,2,3,3,5,0,0,0,0,4,1,1,0,9,0,2,0,0,1,0,1,1,1,1,1,0,3,1,1,0,14,15,15,17
L19_F43940,1,2,3,4,5,1,2,3,4,5,0,0,0,0,1,1,1,1,1,1,0,0,0,1,1,0,0,3,2,2,0,0,3,4,3,1,2,3,2,2,0,0,1,0,4,0,1,0,2,1,2,3,3,5,0,0,0,0,4,1,1,0,9,0,2,0,0,1,0,1,1,1,1,1,0,3,1,1,0,14,15,15,17
L19_F44438,1,2,3,4,5,1,2,3,4,5,0,0,0,0,1,1,1,1,1,1,0,0,0,1,1,0,0,3,2,2,0,0,3,4,3,1,2,3,2,2,0,0,1,0,4,0,1,0,2,1,2,3,3,5,0,0,0,0,4,1,1,0,9,0,2,0,0,1,0,1,1,1,1,1,0,3,1,1,0,14,15,15,17
L19_F44808,1,2,3,4,5,1,2,3,4,5,0,0,0,0,1,1,1,1,1,1,0,0,0,1,1,0,0,3,2,2,0,0,3,4,3,1,2,3,2,2,0,0,1,0,4,0,1,0,2,1,2,3,3,5,0,0,0,0,4,1,1,0,9,0,2,0,0,1,0,1,1,1,1,1,0,3,1,1,0,14,15,15,17
L19_F67847,1,2,3,4,5,1,2,3,4,5,0,0,0,0,1,1,1,1,1,1,0,0,0,1,1,0,0,3,2,2,0,0,3,4,3,1,2,3,2,2,0,0,1,0,4,0,1,0,2,1,2,3,3,5,0,0,0,0,4,1,1,0,9,0,2,0,0,1,0,1,1,1,1,1,0,3,1,1,0,14,15,15,17
L19_F94584,1,2,3,4,5,1,2,3,4,5,0,0,0,0,1,1,1,1,1,1,0,0,0,1,1,0,0,3,2,2,0,0,3,4,3,1,2,3,2,2,0,0,1,0,4,0,1,0,2,1,2,3,3,5,0,0,0,0,4,1,1,0,9,0,2,0,0,1,0,1,1,1,1,1,0,3,1,1,0,14,15,15,17
L19_F96827,1,2,3,4,5,1,2,3,4,5,0,0,0,0,1,1,1,1,1,1,0,0,0,1,1,0,0,3,2,2,0,0,3,4,3,1,2,3,2,2,0,0,1,0,4,0,1,0,2,1,2,3,3,5,0,0,0,0,4,1,1,0,9,0,2,0,0,1,0,1,1,1,1,1,0,3,1,1,0,14,15,15,17
L19_F9948,1,2,3,4,5,1,2,3,4,5,0,0,0,0,1,1,1,1,1,1,0,0,0,1,1,0,0,3,2,2,0,0,3,4,3,1,2,3,2,2,0,0,1,0,4,0,1,0,2,1,2,3,3,5,0,0,0,0,4,1,1,0,9,0,2,0,0,1,0,1,1,1,1,1,0,3,1,1,0,14,15,15,17
L20_F103045,0,0,0,1,1,1,1,2,2,2,1,2,3,4,5,1,2,3,4,5,1,2,3,4,5,1,2,2,3,1,1,2,1,1,5,0,1,1,1,5,1,2,2,1,3,1,0,2,0,0,2,2,4,4,0,0,0,0,0,4,4,1,10,1,1,1,1,0,1,2,3,0,3,0,2,2,0,5,2,5,6,5,6
L20_F117855,0,0,0,1,1,1,1,2,2,2,1,2,3,4,5,1,2,3,4,5,1,2,3,4,5,1,2,2,3,1,1,2,1,1,5,0,1,1,1,5,1,2,2,1,3,1,0,2,0,0,0,2,4,4,0,0,0,0,0,4,4,1,10,1,1,1,1,0,1,2,3,0,3,0,2,2,0,5,2,5,6,5,6
L20_F121993,0,0,0,1,1,1,1,2,2,2,1,2,3,4,5,1,2,3,4,5,1,2,3,4,5,1,2,2,3,1,1,2,1,1,5,0,1,1,1,5,1,2,2,1,3,1,0,2,0,0,2,2,4,4,0,0,0,0,0,4,4,1,10,1,1,1,1,0,1,2,3,0,3,0,2,2,0,5,2,5,6,5,6
L20_F12213,0,0,0,1,1,1,1,2,2,2,1,2,3,4,5,1,2,3,4,5,1,2,3,4,5,1,2,2,3,1,1,2,1,1,5,0,1,1,1,5,1,2,2,1,3,1,0,2,0,0,2,2,4,4,0,0,0,0,0,4,4,1,10,1,1,1,1,0,1,2,3,0,3,0,2,2,0,5,2,5,6,5,6
L20_F127458,0,0,0,1,1,1,1,2,2,2,1,2,3,4,5,1,2,3,4,5,1,2,3,4,5,1,2,2,3,1,1,2,1,1,5,0,1,1,1,5,1,2,2,1,3,1,0,2,0,0,2,2,4,4,0,0,0,0,0,4,4,1,10,1,1,1,1,0,1,2,3,0,3,0,2,2,0,5,2,5,6,5,6
L20_F136575,0,0,0,1,1,1,1,2,2,2,1,2,3,4,5,1,2,3,4,5,1,2,3,4,5,1,2,2,3,1,1,2,1,1,5,0,1,1,1,5,1,2,2,1,3,1,0,2,0,0,2,2,4,4,0,0,0,0,0,4,4,1,10,1,1,1,1,0,1,2,3,0,3,0,2,2,0,5,2,5,6,5,6
L20_F154271,0,0,0,1,1,1,1,2,2,2,1,2,3,4,5,1,2,3,4,5,1,2,3,4,5,1,2,2,3,1,1,2,1,1,5,0,1,1,1,5,1,2,2,1,3,1,0,2,0,0,2,2,4,4,0,0,0,0,0,4,4,1,10,1,1,1,1,0,1,2,3,0,3,0,2,2,0,5,2,5,6,5,6
L20_F18705,0,0,0,1,1,1,1,2,2,2,1,2,3,4,5,1,2,3,4,5,1,2,3,4,5,1,2,2,3,1,1,2,1,1,5,0,1,1,1,5,1,2,2,1,3,1,0,2,0,0,2,2,4,4,0,0,0,0,0,4,4,1,10,1,1,1,1,0,1,2,3,0,3,0,2,2,0,5,2,5,6,5,6
L20_F2889,0,0,0,1,1,1,1,2,2,2,1,2,3,4,5,1,2,3,4,5,1,2,3,4,5,1,2,2,3,1,1,2,1,1,5,0,1,1,1,5,1,2,2,1,3,1,0,2,0,0,2,2,4,4,0,0,0,0,0,4,4,1,10,1,1,1,1,0,1,2,3,0,3,0,2,2,0,5,2,5,6,5,6
L20_F3438,0,0,0,1,1,1,1,2,2,2,1,2,3,4,5,1,2,3,4,5,1,2,3,4,5,1,2,2,3,1,1,2,1,1,5,0,1,1,1,5,1,2,2,1,3,1,0,2,0,0,2,2,4,4,0,0,0,0,0,4,4,1,10,1,1,1,1,0,1,2,3,0,3,0,2,2,0,5,2,5,6,5,6
L20_F45238,0,0,0,1,1,1,1,2,2,2,1,2,3,4,5,1,2,3,4,5,1,2,3,4,5,1,2,2,3,1,1,2,1,1,5,0,1,1,1,5,1,2,2,1,3,1,0,2,0,0,2,2,4,4,0,0,0,0,0,4,4,1,10,1,1,1,1,0,1,2,3,0,3,0,2,2,0,5,2,5,6,5,6
L20_F56180,0,0,0,1,1,1,1,2,2,2,1,2,3,4,5,1,2,3,4,5,1,2,3,4,5,1,2,2,3,1,1,2,1,1,5,0,1,1,1,5,1,2,2,1,3,1,0,2,0,0,2,2,4,4,0,0,0,0,0,4,4,1,10,1,1,1,1,0,1,2,3,0,3,0,2,2,0,5,2,5,6,5,6
L20_F58760,0,0,0,1,1,1,1,2,2,2,1,2,3,4,5,1,2,3,4,5,1,2,3,4,5,1,2,2,3,1,1,2,1,1,5,0,1,1,1,5,1,2,2,1,3,1,0,2,0,0,2,2,4,4,0,0,0,0,0,4,4,1,10,1,1,1,1,0,1,2,3,0,3,0,2,2,0,5,2,5,6,5,6
L20_F71502,0,0,0,1,1,1,1,2,2,2,1,2,3,4,5,1,2,3,4,5,1,2,3,4,5,1,2,2,3,1,1,2,1,1,5,0,1,1,1,5,1,2,2,1,3,1,0,2,0,0,2,2,4,4,0,0,0,0,0,4,4,1,10,1,1,1,1,0,1,2,3,0,3,0,2,2,0,5,2,5,6,5,6
L20_F72939,0,0,0,1,1,1,1,2,2,2,1,2,3,4,5,1,2,3,4,5,1,2,3,4,5,1,2,2,3,1,1,2,1,1,5,0,1,1,1,5,1,2,2,1,3,1,0,2,0,0,2,2,4,4,0,0,0,0,0,4,4,1,10,1,1,1,1,0,1,2,3,0,3,0,2,2,0,5,2,5,6,5,6
L20_F80071,0,0,0,1,1,1,1,2,2,2,1,2,3,4,5,1,2,3,4,5,1,2,3,4,5,1,2,2,3,1,1,2,1,1,5,0,1,1,1,5,1,2,2,1,3,1,0,2,0,0,2,2,4,4,0,0,0,0,0,4,4,1,10,1,1,1,1,0,1,2,3,0,3,0,2,2,0,5,2,5,6,5,6
L20_F8900,0,0,0,1,1,1,1,2,2,2,1,2,3,4,5,1,2,3,4,5,1,2,3,4,5,1,2,2,3,1,1,2,1,1,5,0,1,1,1,5,1,2,2,1,3,1,0,2,0,0,2,2,4,4,0,0,0,0,0,4,4,1,10,1,1,1,1,0,1,2,3,0,3,0,2,2,0,5,2,5,6,5,6
L20_F92734,0,0,0,1,1,1,1,2,2,2,1,2,3,4,5,1,2,3,4,5,1,2,3,4,5,1,2,2,3,1,1,2,1,1,5,0,1,1,1,5,1,2,2,1,3,1,0,2,0,0,2,2,4,4,0,0,0,0,0,4,4,1,10,1,1,1,1,0,1,2,3,0,3,0,2,2,0,5,2,5,6,5,6
L20_F93472,0,0,0,1,1,1,1,2,2,2,1,2,3,4,5,1,2,3,4,5,1,2,3,4,5,1,2,2,3,1,1,2,1,1,5,0,1,1,1,5,1,2,2,1,3,1,0,2,0,0,2,2,4,4,0,0,0,0,0,4,4,1,10,1,1,1,1,0,1,2,3,0,3,0,2,2,0,5,2,5,6,5,6
L21_F101234,1,2,3,4,4,1,2,3,4,5,1,1,1,2,3,1,2,3,4,5,1,2,3,4,4,0,0,3,3,1,1,1,2,2,2,1,2,0,3,1,0,0,0,3,2,1,1,3,4,1,2,2,2,2,0,1,1,3,5,3,3,0,11,1,1,1,1,4,1,2,0,4,4,1,1,1,2,2,2,2,3,2,3
L21_F107586,1,2,3,4,4,1,2,3,4,5,1,1,1,2,3,1,2,3,4,5,1,2,3,4,4,0,0,3,3,1,1,1,2,2,2,1,2,0,3,1,0,0,0,3,2,1,1,3,4,1,2,2,2,2,0,1,1,3,5,3,3,0,11,1,1,1,1,4,1,2,0,4,4,1,1,1,2,2,2,2,3,2,3
L21_F12280,1,2,3,4,4,1,2,3,4,5,1,1,1,2,3,1,2,3,4,5,1,2,3,4,4,0,0,3,3,1,1,1,2,2,2,1,2,0,3,1,0,0,0,3,2,1,1,3,4,1,2,2,2,2,0,1,1,3,5,3,3,0,11,1,1,1,1,4,1,2,0,4,4,1,1,1,2,2,2,2,3,2,3
L21_F124357,1,2,3,4,4,1,2,3,4,5,1,1,1,2,3,1,2,3,4,5,1,2,3,4,4,0,0,3,3,1,1,1,2,2,2,1,2,0,3,1,0,0,0,3,2,1,1,3,4,1,2,2,2,2,0,1,1,3,5,3,3,0,11,1,1,1,1,4,1,2,0,4,4,1,1,1,2,2,2,2,3,2,3
L21_F130027,1,2,3,4,4,1,2,3,4,5,1,1,1,2,3,1,2,3,4,5,1,2,3,4,4,0,0,3,3,1,1,1,2,2,2,1,2,0,3,1,0,0,0,3,2,1,1,3,4,1,2,2,2,2,0,1,1,3,5,3,3,0,11,1,1,1,1,4,1,2,0,4,4,1,1,1,2,2,2,2,3,2,3
L21_F137515,1,2,3,4,4,1,2,3,4,5,1,1,1,2,3,1,2,3,4,5,1,2,3,4,4,0,0,3,3,1,1,1,2,2,2,1,2,0,3,1,0,0,0,3,2,1,1,3,4,1,2,2,2,2,0,1,1,3,5,3,3,0,11,1,1,1,1,4,1,2,0,4,4,1,1,1,2,2,2,2,3,2,3
L21_F137604,1,2,3,4,4,1,2,3,4,5,1,1,1,2,3,1,2,3,4,5,1,2,3,4,4,0,0,3,3,1,1,1,2,2,2,1,2,0,3,1,0,0,0,3,2,1,1,3,4,1,2,2,2,2,0,1,1,3,5,3,3,0,11,1,1,1,1,4,1,2,0,4,4,1,1,1,2,2,2,2,3,2,3
L21_F139043,1,2,3,4,4,1,2,3,4,5,1,1,1,2,3,1,2,3,4,5,1,2,3,4,4,0,0,3,3,1,1,1,2,2,2,1,2,0,3,1,0,0,0,3,2,1,1,3,4,1,2,2,2,2,0,1,1,3,5,3,3,0,11,1,1,1,1,4,1,2,0,4,4,1,1,1,2,2,2,2,3,2,3
L21_F142209,1,2,3,4,4,1,2,3,4,5,1,1,1,2,3,1,2,3,4,5,1,2,3,4,4,0,0,3,3,1,1,1,2,2,2,1,2,0,3,1,0,0,0,3,2,1,1,3,4,1,2,2,2,2,0,1,1,3,5,3,3,0,11,1,1,1,1,4,1,2,0,4,4,1,1,1,4,4,2,2,3,2,3
L21_F157518,1,2,3,4,4,1,2,3,4,5,1,1,1,2,3,1,2,3,4,5,1,2,3,4,4,0,0,3,3,1,1,1,2,2,2,1,2,0,3,1,0,0,0,3,2,1,1,3,4,1,2,2,2,2,0,1,1,3,5,3,3,0,11,1,1,1,1,4,1,2,0,4,4,1,1,1,2,2,2,2,3,2,3
L21_F22609,1,2,3,4,4,1,2,3,4,5,1,1,1,2,3,1,2,3,4,5,1,2,3,4,4,0,0,3,3,1,1,1,2,2,2,1,2,0,3,1,0,0,0,3,2,1,1,3,4,1,2,2,2,2,0,1,1,3,5,3,3,0,11,1,1,1,1,4,1,2,0,4,4,1,1,1,2,2,2,2,3,2,3
L21_F45723,1,2,3,4,4,1,2,3,4,5,1,1,1,2,3,1,2,3,4,5,1,2,3,4,4,0,0,3,3,1,1,1,2,2,2,1,2,0,3,1,0,0,0,3,2,1,1,3,4,1,2,2,2,2,0,1,1,3,5,3,3,0,11,1,1,1,1,4,1,2,0,4,4,1,1,1,2,2,2,2,3,2,3
L21_F53078,1,2,3,4,4,1,2,3,4,5,1,1,1,2,3,1,2,3,4,5,1,2,3,4,4,0,0,3,3,1,1,1,2,2,2,1,2,0,3,1,0,0,0,3,2,1,1,3,4,1,2,2,2,2,0,1,1,3,5,3,3,0,11,1,1,1,1,4,1,2,0,4,4,1,1,1,2,2,2,2,3,2,3
L21_F56012,1,2,3,4,4,1,2,3,4,5,1,1,1,2,3,1,2,3,4,5,1,2,3,4,4,0,0,3,3,1,1,1,2,2,2,1,2,0,3,1,0,0,0,3,2,1,1,3,4,1,2,2,2,2,0,1,1,3,5,3,3,0,11,1,1,1,1,4,1,2,0,4,4,1,1,1,2,2,2,2,3,2,3
L21_F56258,1,2,3,4,4,1,2,3,4,5,1,1,1,2,3,1,2,3,4,5,1,2,3,4,4,0,0,3,3,1,1,1,2,2,2,1,2,0,3,1,0,0,0,3,2,1,1,3,4,1,2,2,2,2,0,1,1,3,5,3,3,0,11,1,1,1,1,4,1,2,0,4,4,1,1,1,2,2,2,2,3,2,3
L21_F64244,1,2,3,4,4,1,2,3,4,5,1,1,1,2,3,1,2,3,4,5,1,2,3,4,4,0,0,3,3,1,1,1,2,2,2,1,2,0,3,1,0,0,0,3,2,1,1,3,4,1,2,2,2,2,0,1,1,3,5,3,3,0,11,1,1,1,1,4,1,2,0,4,4,1,1,1,2,2,2,2,3,2,3
L21_F66237,1,2,3,4,4,1,2,3,4,5,1,1,1,2,3,1,2,3,4,5,1,2,3,4,4,0,0,3,3,1,1,1,2,2,2,1,2,0,3,1,0,0,0,3,2,1,1,3,4,1,2,2,2,2,0,1,1,3,5,3,3,0,11,1,1,1,1,4,1,2,0,4,4,1,1,1,4,2,2,2,3,2,3
L21_F67744,1,2,3,4,4,1,2,3,4,5,1,1,1,2,3,1,2,3,4,5,1,2,3,4,4,0,0,3,3,1,1,1,2,2,2,1,2,0,3,1,0,0,0,3,2,1,1,3,4,1,2,2,2,2,0,1,1,3,5,3,3,0,11,1,1,1,1,4,1,2,0,4,4,1,1,1,2,2,2,2,3,2,3
L21_F98305,1,2,3,4,4,1,2,3,4,5,1,1,1,2,3,1,2,3,4,5,1,2,3,4,4,0,0,3,3,1,1,1,2,2,2,1,2,0,3,1,0,0,0,3,2,1,1,3,4,1,2,2,2,2,0,1,1,3,5,3,3,0,11,1,1,1,1,4,1,2,0,4,4,1,1,1,2,2,2,2,3,2,3
L21_F99203,1,2,3,4,4,1,2,3,4,5,1,1,1,2,3,1,2,3,4,5,1,2,3,4,4,0,0,3,3,1,1,1,2,2,2,1,2,0,3,1,0,0,0,3,2,1,1,3,4,1,2,2,2,2,0,1,1,3,5,3,3,0,11,1,1,1,1,4,1,2,0,4,4,1,1,1,2,2,2,2,3,2,3
L22_F110709,1,1,1,2,2,0,0,1,1,1,1,2,2,3,4,1,2,2,2,3,1,2,3,4,4,0,1,1,1,4,1,1,2,2,2,1,0,2,4,3,0,1,3,4,1,1,2,1,1,1,1,1,4,4,0,1,1,4,3,0,0,0,12,1,1,1,1,4,1,0,2,3,0,1,0,3,1,1,3,1,1,0,1
L22_F113311,1,1,1,2,2,0,0,1,1,1,1,2,2,3,4,1,2,2,2,3,1,2,3,4,4,0,1,1,1,4,1,1,2,2,2,1,0,2,4,3,0,1,3,4,1,1,2,1,1,1,1,1,4,4,0,0,1,4,3,0,0,0,12,1,1,1,1,4,1,0,2,3,0,1,0,3,1,1,3,1,1,0,1
L22_F133148,1,1,1,2,2,0,0,1,1,1,1,2,2,3,4,1,2,2,2,3,1,2,3,4,4,0,1,1,1,4,1,1,2,2,2,1,0,2,4,3,0,1,3,4,1,1,2,1,1,1,1,1,4,4,0,0,1,4,3,0,0,0,12,1,1,1,4,0,1,0,2,3,0,0,2,0,3,3,3,1,1,0,1
L22_F136259,1,1,1,2,2,0,0,1,1,1,1,2,2,3,4,1,2,2,2,3,1,2,3,4,4,0,1,1,1,4,1,1,2,2,2,1,0,2,4,3,0,1,3,4,1,1,2,1,1,1,1,1,4,4,0,1,1,4,3,0,0,0,12,1,1,1,1,4,1,0,2,3,0,1,1,1,2,2,3,1,1,0,1
L22_F144097,1,1,1,2,2,0,0,1,1,1,1,2,2,3,4,1,2,2,2,3,1,2,3,4,4,0,1,1,1,4,1,1,2,2,2,1,0,2,4,3,0,1,3,4,1,1,2,1,1,1,1,1,4,4,0,0,1,4,3,0,0,0,12,1,1,1,1,0,1,0,2,3,0,1,0,3,1,1,3,1,1,0,1
L22_F147052,1,1,1,2,2,0,0,1,1,1,1,2,2,3,4,1,2,2,2,3,1,2,3,4,4,0,1,1,1,4,1,1,2,2,2,1,0,2,4,3,0,1,3,4,1,1,2,1,1,1,1,1,4,4,0,0,1,4,3,0,0,0,12,1,1,1,1,0,1,0,2,3,0,1,0,3,1,1,3,1,1,0,1
L22_F25104,1,1,1,2,2,0,0,1,1,1,1,2,2,3,4,1,2,2,2,3,1,2,3,4,4,0,1,1,1,4,1,1,2,2,2,1,0,2,4,3,0,1,3,4,1,1,2,1,1,1,1,1,4,4,0,0,1,4,3,0,0,0,12,1,1,1,1,0,1,0,2,3,0,1,0,3,1,1,3,1,1,0,1
L22_F28148,1,1,1,2,2,0,0,1,1,1,1,2,2,3,4,1,2,2,2,3,1,2,3,4,4,0,1,1,1,4,1,1,2,2,2,1,0,2,4,3,0,1,3,4,1,1,2,1,1,1,1,1,4,4,0,0,1,4,3,0,0,0,12,1,1,1,1,0,1,0,2,3,0,1,0,3,1,1,3,1,1,0,1
L22_F34856,1,1,1,2,2,0,0,1,1,1,1,2,2,3,4,1,2,2,2,3,1,2,3,4,4,0,1,1,1,4,1,1,2,2,2,1,0,2,4,3,0,1,3,4,1,1,2,1,1,1,1,1,4,4,0,0,1,4,3,0,0,0,12,1,1,1,1,0,1,0,2,3,0,1,0,3,1,1,3,1,1,0,1
L22_F34905,1,1,1,2,2,0,0,1,1,1,1,2,2,3,4,1,2,2,2,3,1,2,3,4,4,0,1,1,1,4,1,1,2,2,2,1,0,2,4,3,0,1,3,4,1,1,2,1,1,1,1,1,4,4,0,0,1,4,3,0,0,0,12,1,1,1,1,0,1,0,2,3,0,1,0,3,1,1,3,1,1,0,1
L22_F55719,1,1,1,2,2,0,0,1,1,1,1,2,2,3,4,1,2,2,2,3,1,2,3,4,4,0,1,1,1,4,1,1,2,2,2,1,0,2,4,3,0,1,3,4,1,1,2,1,1,1,1,1,4,4,0,0,1,4,3,0,0,0,12,1,1,1,1,0,1,0,2,3,0,1,0,3,1,1,3,1,1,0,1
L22_F84205,1,1,1,2,2,0,0,1,1,1,1,2,2,3,4,1,2,2,2,3,1,2,3,4,4,0,1,1,1,4,1,1,2,2,2,1,0,2,4,3,0,1,3,4,1,1,2,1,1,1,1,1,4,4,0,0,1,4,3,0,0,0,12,1,1,1,1,0,1,0,2,3,0,1,0,3,1,1,3,1,1,0,1
L22_F93236,1,1,1,2,2,0,0,1,1,1,1,2,2,3,4,1,2,2,2,3,1,2,3,4,4,0,1,1,1,4,1,1,2,2,2,1,0,2,4,3,0,1,3,4,1,1,2,1,1,1,1,1,4,4,0,0,1,4,3,0,0,0,12,1,1,1,1,0,1,0,2,3,0,1,0,3,1,1,3,1,1,0,1
L22_F95467,1,1,1,2,2,0,0,1,1,1,1,2,2,3,4,1,2,2,2,3,1,2,3,4,4,0,1,1,1,4,1,1,2,2,2,1,0,2,4,3,0,1,3,4,1,1,2,1,1,1,1,1,4,4,0,0,1,4,3,0,0,0,12,1,1,1,1,0,1,0,2,3,0,1,0,3,1,1,3,1,1,0,1
L23_F101649,1,1,1,2,2,0,0,1,1,1,1,1,1,2,3,1,2,2,2,3,1,2,3,4,4,0,1,1,1,4,1,1,2,2,2,1,0,2,4,3,0,1,3,4,1,1,2,1,1,1,1,1,1,1,1,1,2,1,2,0,0,1,12,1,1,1,1,4,1,0,2,3,0,1,1,1,4,4,3,1,2,1,2
L23_F109767,1,1,1,2,2,0,0,1,1,1,1,1,1,2,3,1,2,2,2,3,1,2,3,4,4,0,1,1,1,4,1,1,2,2,2,1,0,2,4,3,0,1,3,4,1,1,2,1,1,1,1,1,1,1,1,1,2,1,2,0,0,1,12,1,1,1,1,4,1,0,2,3,0,1,1,1,2,2,3,1,2,1,2
L23_F1136,1,1,1,2,2,0,0,1,1,1,1,1,1,2,3,1,2,2,2,3,1,2,3,4,4,0,1,1,1,4,1,1,2,2,2,1,0,2,4,3,0,1,3,4,1,1,2,1,1,1,1,1,1,1,1,1,2,1,2,0,0,1,12,1,1,1,1,4,1,0,2,3,0,1,1,1,4,4,3,1,2,1,2
L23_F11820,1,1,1,2,2,0,0,1,1,1,1,1,1,2,3,1,2,2,2,3,1,2,3,4,4,0,1,1,1,4,1,1,2,2,2,1,0,2,4,3,0,1,3,4,1,1,2,1,1,1,1,1,1,1,1,1,2,1,2,0,0,1,12,1,1,1,1,4,1,0,2,3,0,1,1,1,4,4,3,1,2,1,2
L23_F12359,1,1,1,2,2,0,0,1,1,1,1,1,1,2,3,1,2,2,2,3,1,2,3,4,4,0,1,1,1,4,1,1,2,2,2,1,0,2,4,3,0,1,3,4,1,1,2,1,1,1,1,1,1,1,1,1,2,1,2,0,0,1,12,1,1,1,1,4,1,0,2,3,0,1,1,1,4,4,3,1,2,1,2
L23_F140107,1,1,1,2,2,0,0,1,1,1,1,1,1,2,3,1,2,2,2,3,1,2,3,4,4,0,1,1,1,4,1,1,2,2,2,1,0,2,4,3,0,1,3,4,1,1,2,1,1,1,1,1,1,1,1,1,2,1,2,0,0,1,12,1,1,1,1,4,1,0,2,3,0,1,1,1,4,4,3,1,2,1,2
L23_F147218,1,1,1,2,2,0,0,1,1,1,1,1,1,2,3,1,2,2,2,3,1,2,3,4,4,0,1,1,1,4,1,1,2,2,2,1,0,2,4,3,0,1,3,4,1,1,2,1,1,1,1,1,1,1,1,1,2,1,2,0,0,1,12,1,1,1,1,4,1,0,2,3,0,1,1,1,4,2,3,1,2,1,2
L23_F148097,1,1,1,2,2,0,0,1,1,1,1,1,1,2,3,1,2,2,2,3,1,2,3,4,4,0,1,1,1,4,1,1,2,2,2,1,0,2,4,3,0,1,3,4,1,1,2,1,1,1,1,1,1,1,1,1,2,1,2,0,0,1,12,1,1,1,1,4,1,0,2,3,0,1,1,1,4,4,3,1,2,1,2
L23_F161196,1,1,1,2,2,0,0,1,1,1,1,1,1,2,3,1,2,2,2,3,1,2,3,4,4,0,1,1,1,4,1,1,2,2,2,1,0,2,4,3,0,1,3,4,1,1,2,1,1,1,1,1,1,1,1,1,2,1,2,0,0,1,12,1,1,1,1,4,1,0,2,3,0,1,1,1,4,4,3,1,2,1,2
L23_F16784,1,1,1,2,2,0,0,1,1,1,1,1,1,2,3,1,2,2,2,3,1,2,3,4,4,0,1,1,1,4,1,1,2,2,2,1,0,2,4,3,0,1,3,4,1,1,2,1,1,1,1,1,1,1,1,1,2,1,2,0,0,1,12,1,1,1,1,4,1,0,2,3,0,1,1,1,4,4,3,1,2,1,2
L23_F24796,1,1,1,2,2,0,0,1,1,1,1,1,1,2,3,1,2,2,2,3,1,2,3,4,4,0,1,1,1,4,1,1,2,2,2,1,0,2,4,3,0,1,3,4,1,1,2,1,1,1,1,1,1,1,1,1,2,1,2,0,0,1,12,1,1,1,1,4,1,0,2,3,0,1,1,1,4,4,3,1,2,1,2
L23_F27895,1,1,1,2,2,0,0,1,1,1,1,1,1,2,3,1,2,2,2,3,1,2,3,4,4,0,1,1,1,4,1,1,2,2,2,1,0,2,4,3,0,1,3,4,1,1,2,1,1,1,1,1,1,1,1,1,2,1,2,0,0,1,12,1,1,1,1,4,1,0,2,3,0,1,1,1,4,4,3,1,2,1,2
L23_F41693,1,1,1,2,2,0,0,1,1,1,1,1,1,2,3,1,2,2,2,3,1,2,3,4,4,0,1,1,1,4,1,1,2,2,2,1,0,2,4,3,0,1,3,4,1,1,2,1,1,1,1,1,1,1,1,1,2,1,2,0,0,1,12,1,1,1,1,4,1,0,2,3,0,1,1,1,4,4,3,1,2,1,2
L23_F5820,1,1,1,2,2,0,0,1,1,1,1,1,1,2,3,1,2,2,2,3,1,2,3,4,4,0,1,1,1,4,1,1,2,2,2,1,0,2,4,3,0,1,3,4,1,1,2,1,1,1,1,1,1,1,1,1,2,1,2,0,0,1,12,1,1,1,1,4,1,0,2,3,0,1,1,1,4,4,3,1,2,1,2
L23_F71067,1,1,1,2,2,0,0,1,1,1,1,1,1,2,3,1,2,2,2,3,1,2,3,4,4,0,1,1,1,4,1,1,2,2,2,1,0,2,4,3,0,1,3,4,1,1,2,1,1,1,1,1,1,1,1,1,2,1,2,0,0,1,12,1,1,1,1,4,1,0,2,3,0,1,1,1,2,2,3,1,2,1,2
L23_F83556,1,1,1,2,2,0,0,1,1,1,1,1,1,2,3,1,2,2,2,3,1,2,3,4,4,0,1,1,1,4,1,1,2,2,2,1,0,2,4,3,0,1,3,4,1,1,2,1,1,1,1,1,1,1,1,1,2,1,2,0,0,1,12,1,1,1,1,4,1,0,2,3,0,1,1,1,4,4,3,1,2,1,2
L23_F8356,1,1,1,2,2,0,0,1,1,1,1,1,1,2,3,1,2,2,2,3,1,2,3,4,4,0,1,1,1,4,1,1,2,2,2,1,0,2,4,3,0,1,3,4,1,1,2,1,1,1,1,1,1,1,1,1,2,1,2,0,0,1,12,1,1,1,1,4,1,0,2,3,0,1,1,1,4,4,3,1,2,1,2
L23_F86779,1,1,1,2,2,0,0,1,1,1,1,1,1,2,3,1,2,2,2,3,1,2,3,4,4,0,1,1,1,4,1,1,2,2,2,1,0,2,4,3,0,1,3,4,1,1,2,1,1,1,1,1,1,1,1,1,2,1,2,0,0,1,12,1,1,1,1,4,1,0,2,3,0,1,1,1,4,4,3,1,2,1,2
L23_F8759,1,1,1,2,2,0,0,1,1,1,1,1,1,2,3,1,2,2,2,3,1,2,3,4,4,0,1,1,1,4,1,1,2,2,2,1,0,2,4,3,0,1,3,4,1,1,2,1,1,1,1,1,1,1,1,1,2,1,2,0,0,1,12,1,1,1,1,4,1,0,2,3,0,1,1,1,4,4,3,1,2,1,2
L23_F91721,1,1,1,2,2,0,0,1,1,1,1,1,1,2,3,1,2,2,2,3,1,2,3,4,4,0,1,1,1,4,1,1,2,2,2,1,0,2,4,3,0,1,3,4,1,1,2,1,1,1,1,1,1,1,1,1,2,1,2,0,0,1,12,1,1,1,1,4,1,0,2,3,0,1,1,1,4,4,3,1,2,1,2
L24_F111162,0,0,0,0,0,1,1,2,2,2,1,2,3,4,5,1,2,3,4,5,1,2,3,4,5,1,2,0,0,0,1,2,1,1,1,0,1,1,1,0,1,2,2,2,0,1,0,2,0,0,0,0,0,0,0,2,3,2,1,4,4,1,13,1,1,1,1,4,1,2,3,0,3,0,2,2,0,5,2,4,5,4,5
L24_F118986,0,0,0,0,0,1,1,2,2,2,1,2,3,4,5,1,2,3,4,5,1,2,3,4,5,1,2,0,0,0,1,2,1,1,1,0,1,1,1,0,1,2,2,2,0,1,0,2,0,0,0,0,0,0,0,2,3,2,1,4,4,1,13,1,1,1,1,4,1,2,3,0,3,0,2,2,0,0,2,4,5,4,5
L24_F124208,0,0,0,0,0,1,1,2,2,2,1,2,3,4,5,1,2,3,4,5,1,2,3,4,5,1,2,0,0,0,1,2,1,1,1,0,1,1,1,0,1,2,2,2,0,1,0,2,0,0,0,0,0,0,0,2,3,2,1,4,4,1,13,1,1,1,1,4,1,2,3,0,3,0,2,2,0,5,2,4,5,4,5
L24_F12706,0,0,0,0,0,1,1,2,2,2,1,2,3,4,5,1,2,3,4,5,1,2,3,4,5,1,2,0,0,0,1,2,1,1,1,0,1,1,1,0,1,2,2,2,0,1,0,2,0,0,0,0,4,4,0,0,0,2,0,4,4,0,13,1,1,1,1,0,1,2,3,0,3,0,2,2,0,5,1,4,5,4,5
L24_F137802,0,0,0,0,0,1,1,2,2,2,1,2,3,4,5,1,2,3,4,5,1,2,3,4,5,1,2,0,0,0,1,2,1,1,1,0,1,1,1,0,1,2,2,2,0,1,0,2,0,0,0,0,0,0,0,2,3,2,1,4,4,1,13,1,1,1,1,4,1,2,3,0,3,0,2,2,0,5,2,4,5,4,5
L24_F13808,0,0,0,0,0,1,1,2,2,2,1,2,3,4,5,1,2,3,4,5,1,2,3,4,5,1,2,0,0,0,1,2,1,1,1,0,1,1,1,0,1,2,2,2,0,1,0,2,0,0,0,0,0,0,0,2,3,2,1,4,4,1,13,1,1,1,1,4,1,2,3,0,3,0,2,2,0,5,2,4,5,4,5
L24_F147583,0,0,0,0,0,1,1,2,2,2,1,2,3,4,5,1,2,3,4,5,1,2,3,4,5,1,2,0,0,0,1,2,1,1,1,0,1,1,1,0,1,2,2,2,0,1,0,2,0,0,0,0,0,0,0,2,3,2,1,4,4,1,13,1,1,1,1,4,1,2,3,0,3,0,2,2,0,5,2,4,5,4,5
L24_F148942,0,0,0,0,0,1,1,2,2,2,1,2,3,4,5,1,2,3,4,5,1,2,3,4,5,1,2,0,0,0,1,2,1,1,1,0,1,1,1,0,1,2,2,2,0,1,0,2,0,0,0,0,0,0,0,2,3,2,1,4,4,1,13,1,1,1,1,4,1,2,3,0,3,0,2,2,0,5,2,4,5,4,5
L24_F152881,0,0,0,0,0,1,1,2,2,2,1,2,3,4,5,1,2,3,4,5,1,2,3,4,5,1,2,0,0,0,1,2,1,1,1,0,1,1,1,0,1,2,2,2,0,1,0,2,0,0,0,0,0,0,0,2,3,2,1,4,4,1,13,1,1,1,1,4,1,2,3,0,3,0,2,2,0,5,2,4,5,4,5
L24_F160555,0,0,0,0,0,1,1,2,2,2,1,2,3,4,5,1,2,3,4,5,1,2,3,4,5,1,2,0,0,0,1,2,1,1,1,0,1,1,1,0,1,2,2,2,0,1,0,2,0,0,0,0,0,0,0,2,3,2,1,4,4,1,13,1,1,1,1,4,1,2,3,0,3,0,2,2,0,5,2,4,5,4,5
L24_F1845,0,0,0,0,0,1,1,2,2,2,1,2,3,4,5,1,2,3,4,5,1,2,3,4,5,1,2,0,0,0,1,2,1,1,1,0,1,1,1,0,1,2,2,2,0,1,0,2,0,0,0,0,0,0,0,2,3,2,1,4,4,1,13,1,1,1,1,4,1,2,3,0,3,0,2,2,0,5,2,4,5,4,5
L24_F18943,0,0,0,0,0,1,1,2,2,2,1,2,3,4,5,1,2,3,4,5,1,2,3,4,5,1,2,0,0,0,1,2,1,1,1,0,1,1,1,0,1,2,2,2,0,1,0,2,0,0,0,0,0,0,0,2,3,2,1,4,4,1,13,1,1,1,1,4,1,2,3,0,3,0,2,2,0,5,2,4,5,4,5
L24_F31947,0,0,0,0,0,1,1,2,2,2,1,2,3,4,5,1,2,3,4,5,1,2,3,4,5,1,2,0,0,0,1,2,1,1,1,0,1,1,1,0,1,2,2,2,0,1,0,2,0,0,0,0,0,0,0,2,3,2,1,4,4,1,13,1,1,1,1,4,1,2,3,0,3,0,2,2,0,5,2,4,5,4,5
L24_F32871,0,0,0,0,0,1,1,2,2,2,1,2,3,4,5,1,2,3,4,5,1,2,3,4,5,1,2,0,0,0,1,2,1,1,1,0,1,1,1,0,1,2,2,2,0,1,0,2,0,0,0,0,0,0,0,2,3,2,1,4,4,1,13,1,1,1,1,4,1,2,3,0,3,0,2,2,0,5,2,4,5,4,5
L24_F40873,0,0,0,0,0,1,1,2,2,2,1,2,3,4,5,1,2,3,4,5,1,2,3,4,5,1,2,0,0,0,1,2,1,1,1,0,1,1,1,0,1,2,2,2,0,1,0,2,0,0,0,0,0,0,0,2,3,2,1,4,4,1,13,1,1,1,1,4,1,2,3,0,3,0,2,2,0,5,2,4,5,4,5
L24_F4357,0,0,0,0,0,1,1,2,2,2,1,2,3,4,5,1,2,3,4,5,1,2,3,4,5,1,2,0,0,0,1,2,1,1,1,0,1,1,1,0,1,2,2,2,0,1,0,2,0,0,0,0,0,0,0,2,3,2,1,4,4,1,13,1,1,1,1,4,1,2,3,0,3,0,2,2,0,5,2,4,5,4,5
L24_F51976,0,0,0,0,0,1,1,2,2,2,1,2,3,4,5,1,2,3,4,5,1,2,3,4,5,1,2,0,0,0,1,2,1,1,1,0,1,1,1,0,1,2,2,2,0,1,0,2,0,0,0,0,0,0,0,2,3,2,1,4,4,1,13,1,1,1,1,4,1,2,3,0,3,0,2,2,0,0,2,4,5,4,5
L24_F52031,0,0,0,0,0,1,1,2,2,2,1,2,3,4,5,1,2,3,4,5,1,2,3,4,5,1,2,0,0,0,1,2,1,1,1,0,1,1,1,0,1,2,2,2,0,1,0,2,0,0,0,0,0,0,0,2,3,2,1,4,4,1,13,1,1,1,1,4,1,2,3,0,3,0,2,2,0,0,2,4,5,4,5
L24_F57681,0,0,0,0,0,1,1,2,2,2,1,2,3,4,5,1,2,3,4,5,1,2,3,4,5,1,2,0,0,0,1,2,1,1,1,0,1,1,1,0,1,2,2,2,0,1,0,2,0,0,0,0,0,0,0,2,3,2,1,4,4,1,13,1,1,1,1,4,1,2,3,0,3,0,2,2,0,5,2,4,5,4,5
L24_F88968,0,0,0,0,0,1,1,2,2,2,1,2,3,4,5,1,2,3,4,5,1,2,3,4,5,1,2,0,0,0,1,2,1,1,1,0,1,1,1,0,1,2,2,2,0,1,0,2,0,0,0,0,0,0,0,2,3,2,1,4,4,1,13,1,1,1,1,4,1,2,3,0,3,0,2,2,0,5,2,4,5,4,5
L25_F105937,0,0,0,0,0,1,1,2,2,2,1,2,3,4,5,1,2,3,4,5,1,2,3,4,5,1,2,2,0,0,1,2,1,1,1,0,1,1,1,0,1,2,2,2,0,1,0,2,0,0,2,3,4,4,0,0,0,0,4,4,4,0,7,1,1,1,1,4,1,2,3,0,3,0,0,0,3,3,2,6,7,6,7
L25_F110282,0,0,0,0,0,1,1,2,2,2,1,2,3,4,5,1,2,3,4,5,1,2,3,4,5,1,2,2,0,0,1,2,1,1,1,0,1,1,1,0,1,2,2,2,0,1,0,2,0,0,0,2,4,4,0,0,0,0,0,4,4,1,7,1,1,1,1,0,1,2,3,0,3,0,2,0,3,3,2,6,7,6,8
L25_F126439,0,0,0,0,0,1,1,2,2,2,1,2,3,4,5,1,2,3,4,5,1,2,3,4,5,1,2,2,0,0,1,2,1,1,1,0,1,1,1,0,1,2,2,2,0,1,0,2,0,0,2,3,4,4,0,0,0,0,4,4,4,0,7,1,1,1,1,4,1,2,3,0,3,0,2,0,3,0,2,6,7,6,7
L25_F142075,0,0,0,0,0,1,1,2,2,2,1,2,3,4,5,1,2,3,4,5,1,2,3,4,5,1,2,2,0,0,1,2,1,1,1,0,1,1,1,0,1,2,2,2,0,1,0,2,0,0,2,3,4,4,0,0,0,0,4,4,4,0,7,1,1,1,1,4,1,2,3,0,3,0,2,0,3,3,2,6,7,6,8
L25_F146884,0,0,0,0,0,1,1,2,2,2,1,2,3,4,5,1,2,3,4,5,1,2,3,4,5,1,2,2,0,0,1,2,1,1,1,0,1,1,1,0,1,2,2,2,0,1,0,2,0,0,2,3,4,4,0,0,0,0,4,4,4,0,7,1,1,1,1,4,1,2,3,0,3,0,2,0,3,3,2,6,7,6,7
L25_F153283,0,0,0,0,0,1,1,2,2,2,1,2,3,4,5,1,2,3,4,5,1,2,3,4,5,1,2,2,0,0,1,2,1,1,1,0,1,1,1,0,1,2,2,2,0,1,0,2,0,0,2,3,4,4,0,0,0,0,4,4,4,0,7,1,1,1,1,4,1,2,3,0,3,0,2,0,3,3,2,6,7,6,7
L25_F15948,0,0,0,0,0,1,1,2,2,2,1,2,3,4,5,1,2,3,4,5,1,2,3,4,5,1,2,2,0,0,1,2,1,1,1,0,1,1,1,0,1,2,2,2,0,1,0,2,0,0,2,3,3,3,0,0,0,0,4,4,4,0,7,1,1,1,1,4,1,2,3,0,3,0,0,0,3,3,2,6,7,6,7
L25_F17240,0,0,0,0,0,1,1,2,2,2,1,2,3,4,5,1,2,3,4,5,1,2,3,4,5,1,2,0,0,0,1,2,1,1,1,0,1,1,1,0,1,2,2,2,0,1,0,2,0,0,0,1,4,4,0,0,0,0,0,4,4,1,7,1,1,1,4,5,1,2,3,0,2,1,0,3,1,1,1,6,7,6,8
L25_F55160,0,0,0,0,0,1,1,2,2,2,1,2,3,4,5,1,2,3,4,5,1,2,3,4,5,1,2,2,0,0,1,2,1,1,1,0,1,1,1,0,1,2,2,2,0,1,0,2,0,0,2,3,4,4,0,0,0,0,4,4,4,0,7,1,1,1,1,4,1,2,3,0,3,0,2,0,3,3,2,6,7,6,7
L25_F71226,0,0,0,0,0,1,1,2,2,2,1,2,3,4,5,1,2,3,4,5,1,2,3,4,5,1,2,0,0,0,1,2,1,1,1,0,1,1,1,0,1,2,2,2,0,1,0,2,0,0,2,3,4,4,0,0,0,0,0,4,4,1,7,1,1,1,1,0,1,2,3,0,3,1,0,3,1,1,2,6,7,6,8
L25_F7609,0,0,0,0,0,1,1,2,2,2,1,2,3,4,5,1,2,3,4,5,1,2,3,4,5,1,2,2,0,0,1,2,1,1,1,0,1,1,1,0,1,2,2,2,0,1,0,2,0,0,2,3,4,4,0,0,0,0,4,4,4,0,7,1,1,1,1,4,1,2,3,0,3,0,2,0,3,3,2,6,7,6,7
L25_F78917,0,0,0,0,0,1,1,2,2,2,1,2,3,4,5,1,2,3,4,5,1,2,3,4,5,1,2,2,0,0,1,2,1,1,1,0,1,1,1,0,1,2,2,2,0,1,0,2,0,0,0,0,4,4,0,0,0,0,0,4,4,1,7,1,1,1,1,0,1,2,3,0,3,0,2,0,3,3,2,6,7,6,7
