group,layer,axis,len_change,rot_mag,cos_before_after,null_rot_mean,null_rot_std,null_len_mean,null_len_std,rot_z,len_z,cos_delta_u_before,cos_delta_u_after
L24_beta_carrier,10,u,-0.0038802125491201878,0.03688318654894829,0.9966026544570923,0.0027243246950092725,0.003952754049027301,-0.0004009627025880036,0.0006222138129639745,8.64178564830241,-5.591718123775411,-0.01046158466488123,-0.011731361970305443
L24_beta_carrier,10,delta,0.0,0.0,1.0000001192092896,0.0,0.0,0.0,0.0,0.0,0.0,-0.01046158466488123,-0.011731361970305443
L24_beta_carrier,11,u,-0.005632730200886726,0.03875311091542244,0.9965158104896545,0.002913529939542059,0.004242841044971487,-0.00038560178654734045,0.0005704758895174581,8.447069345500752,-9.197793128443303,-0.00020299293100833893,-0.0001297295093536377
L24_beta_carrier,11,delta,0.0,0.0,1.0,0.0,0.0,0.0,0.0,0.0,0.0,-0.00020299293100833893,-0.0001297295093536377
L24_beta_carrier,12,u,-0.005773397162556648,0.04214360937476158,0.9962316155433655,0.0031293529144022615,0.004541604182943273,-0.00036687709825855563,0.000585778102965843,8.590411294861918,-9.229622628947466,0.015576401725411415,0.017298776656389236
L24_beta_carrier,12,delta,0.0,0.0,1.0,0.0,0.0,0.0,0.0,0.0,0.0,0.015576401725411415,0.017298776656389236
L24_beta_carrier,13,u,-0.007180587854236364,0.044599588960409164,0.9961934685707092,0.0033336865148157814,0.004829116467708003,-0.00028706689226964954,0.0005098129559847873,8.545226476998293,-13.521640357315787,0.018374793231487274,0.020807314664125443
L24_beta_carrier,13,delta,0.0,0.0,1.0,0.0,0.0,0.0,0.0,0.0,0.0,0.018374793231487274,0.020807314664125443
L24_beta_carrier,14,u,-0.006719912402331829,0.04962114617228508,0.9959409236907959,0.003746144451724831,0.005424177480100946,-0.00020421310218807776,0.0003541288540976353,8.457502253817152,-18.39918104828107,0.009576584212481976,0.012502024881541729
L24_beta_carrier,14,delta,0.0,0.0,1.0,0.0,0.0,0.0,0.0,0.0,0.0,0.009576584212481976,0.012502024881541729
L24_beta_carrier,15,u,-0.0062895468436181545,0.05235152319073677,0.9959403872489929,0.004004415069357492,0.005793174918385482,-9.373795146530028e-05,0.00023686747608973925,8.345527358826224,-26.157169558542392,-0.0013419613242149353,0.000795342493802309
L24_beta_carrier,15,delta,0.0,0.0,0.9999999403953552,0.0,0.0,0.0,0.0,0.0,0.0,-0.0013419613242149353,0.000795342493802309
L24_beta_carrier,16,u,-0.0071521420031785965,0.05831265076994896,0.9960367679595947,0.004433986119693145,0.0064752027377320874,-0.00023026852431939915,0.0004740206893699852,8.32076747427975,-14.602440424316766,-0.018441542983055115,-0.018474219366908073
L24_beta_carrier,16,delta,0.0,0.0,1.0,0.0,0.0,0.0,0.0,0.0,0.0,-0.018441542983055115,-0.018474219366908073
L24_beta_carrier,17,u,-0.008643688634037971,0.061387620866298676,0.9960453510284424,0.00462276570033282,0.006758954567511361,-0.000165292292876984,0.0003791814090788769,8.398465502395158,-22.359677395786903,-0.010606715455651283,-0.012806332670152187
L24_beta_carrier,17,delta,0.0,0.0,0.9999999403953552,0.0,0.0,0.0,0.0,0.0,0.0,-0.010606715455651283,-0.012806332670152187
L24_beta_carrier,18,u,-0.009376819245517254,0.06272786110639572,0.9961440563201904,0.004620655430335319,0.006681064701658171,-3.285199927631766e-05,0.00023161133319779707,8.697295951099358,-40.34313336095614,-0.004359998740255833,-0.007920978590846062
L24_beta_carrier,18,delta,0.0,0.0,1.0000001192092896,0.0,0.0,0.0,0.0,0.0,0.0,-0.004359998740255833,-0.007920978590846062
L24_beta_carrier,19,u,-0.00851130485534668,0.059585437178611755,0.996176540851593,0.004383582687296439,0.0062705647451100155,-2.87717633682405e-05,0.00023588002361619323,8.803329194716355,-35.961066142313086,0.010079462081193924,0.005025963298976421
L24_beta_carrier,19,delta,0.0,0.0,0.9999998807907104,0.0,0.0,0.0,0.0,0.0,0.0,0.010079462081193924,0.005025963298976421
L24_beta_carrier,20,u,-0.007396966218948364,0.061835046857595444,0.9960641860961914,0.004213260978576727,0.0059005944693502135,-0.00015806711762706983,0.00041660652754681914,9.76541879176885,-17.37582406143099,0.0063935830257833,0.0012987926602363586
L24_beta_carrier,20,delta,0.0,0.0,0.9999997615814209,0.0,0.0,0.0,0.0,0.0,0.0,0.0063935830257833,0.0012987926602363586
L24_beta_carrier,21,u,-0.002547753741964698,0.06385402381420135,0.9961240291595459,0.004325325322133722,0.006000522657845247,-4.948999121552333e-05,0.00020446063485983108,9.920583916745032,-12.218740950897034,0.004598756320774555,-0.0006638523191213608
L24_beta_carrier,21,delta,0.0,0.0,1.0,0.0,0.0,0.0,0.0,0.0,0.0,0.004598756320774555,-0.0006638523191213608
L24_beta_carrier,22,u,0.00047033734153956175,0.06450371444225311,0.9963123798370361,0.004434693314397009,0.006174850106677292,5.5428028554160845e-05,0.00021791485330733784,9.728011265388947,1.9039886574944742,-0.0018243314698338509,-0.005396011285483837
L24_beta_carrier,22,delta,0.0,0.0,1.0,0.0,0.0,0.0,0.0,0.0,0.0,-0.0018243314698338509,-0.005396011285483837
L24_beta_carrier,23,u,0.0005400185473263264,0.0614115409553051,0.9960495233535767,0.0042170451211859476,0.005862678412912002,5.440244603960309e-05,0.0002517811164463124,9.755692202468659,1.9287156218272212,-0.0007994695333763957,-0.004047602415084839
L24_beta_carrier,23,delta,0.0,0.0,1.0,0.0,0.0,0.0,0.0,0.0,0.0,-0.0007994695333763957,-0.004047602415084839
L24_beta_carrier,24,u,-0.00014365764218382537,0.05760974436998367,0.9956129193305969,0.0039048667626047973,0.005428213963424024,-7.739430668607383e-05,0.00032460594155142586,9.893653432896247,-0.20413406805489948,0.04956267401576042,0.044000908732414246
L24_beta_carrier,24,delta,-0.19286246597766876,1.0734305381774902,0.9914262294769287,0.1141071928665042,0.11199404982743096,-0.00536271677701734,0.006748809178079204,8.565842008779423,-27.78263786551131,0.04956267401576042,0.044000908732414246
L24_beta_carrier,25,u,0.0009074103436432779,0.04716363921761513,0.9964457750320435,0.0031975833102478647,0.0045239153503158136,-0.00010597156710332457,0.00034692590256662055,9.71858286113049,2.921024294309382,0.03573793172836304,0.029871245846152306
L24_beta_carrier,25,delta,-0.25256776809692383,1.2739181518554688,0.9898834824562073,0.12838703747838737,0.12866197160309417,-0.004592332217725925,0.005644037130883584,8.903416380152194,-43.935818668960145,0.03573793172836304,0.029871245846152306
L18_alpha_counterweight,10,u,0.0009025868494063616,0.006467699538916349,0.9998972415924072,0.00014296890283276297,9.755763376626652e-05,-3.3317434099444657e-05,3.5157345306538885e-05,64.83004519350423,26.61969086843638,-0.01046158466488123,-0.010458680801093578
L18_alpha_counterweight,10,delta,0.0,0.0,1.0000001192092896,0.0,0.0,0.0,0.0,0.0,0.0,-0.01046158466488123,-0.010458680801093578
L18_alpha_counterweight,11,u,0.0006748815067112446,0.006799699738621712,0.9998950958251953,0.00015440575436969083,0.00010598634645418393,-3.6655919200256906e-05,3.554551737797258e-05,62.69893724648196,20.017078419964314,-0.00020299293100833893,-0.0004120040684938431
L18_alpha_counterweight,11,delta,0.0,0.0,1.0,0.0,0.0,0.0,0.0,0.0,0.0,-0.00020299293100833893,-0.0004120040684938431
L18_alpha_counterweight,12,u,0.0005723433569073677,0.007219555787742138,0.9998916387557983,0.00016754200744344415,0.00011404687457973296,-4.132233792688567e-05,3.8646600557392915e-05,61.83380274542952,15.878494032842745,0.015576401725411415,0.015598472207784653
L18_alpha_counterweight,12,delta,0.0,0.0,1.0,0.0,0.0,0.0,0.0,0.0,0.0,0.015576401725411415,0.015598472207784653
L18_alpha_counterweight,13,u,0.0002883339475374669,0.007884131744503975,0.9998838901519775,0.00018514454832256887,0.00012721094223614417,-4.5782871490018805e-05,4.503241088052904e-05,60.52094686118178,7.419309630218277,0.018374793231487274,0.018509622663259506
L18_alpha_counterweight,13,delta,0.0,0.0,1.0,0.0,0.0,0.0,0.0,0.0,0.0,0.018374793231487274,0.018509622663259506
L18_alpha_counterweight,14,u,0.0005719758337363601,0.008896145038306713,0.9998722076416016,0.0002142665841802227,0.00014851974396580078,-4.883855843900165e-05,5.496663168882158e-05,58.45566230213356,11.29418119539636,0.009576584212481976,0.009860089980065823
L18_alpha_counterweight,14,delta,0.0,0.0,1.0,0.0,0.0,0.0,0.0,0.0,0.0,0.009576584212481976,0.009860089980065823
L18_alpha_counterweight,15,u,0.0007539150537922978,0.009799228981137276,0.9998603463172913,0.00022973576878939638,0.00016120562148967313,-5.633525304347131e-05,6.88992773770532e-05,59.36166345971651,11.759753917995369,-0.0013419613242149353,-0.0009042108431458473
L18_alpha_counterweight,15,delta,0.0,0.0,0.9999999403953552,0.0,0.0,0.0,0.0,0.0,0.0,-0.0013419613242149353,-0.0009042108431458473
L18_alpha_counterweight,16,u,0.0009796499507501721,0.010990174487233162,0.9998618960380554,0.00025426998677176017,0.00017865996361532237,-6.766389798258387e-05,7.860738378393913e-05,60.090935832950294,13.323182570594179,-0.018441542983055115,-0.018191736191511154
L18_alpha_counterweight,16,delta,0.0,0.0,1.0,0.0,0.0,0.0,0.0,0.0,0.0,-0.018441542983055115,-0.018191736191511154
L18_alpha_counterweight,17,u,0.0009734252234920859,0.01205811183899641,0.9998508095741272,0.00027306486922498154,0.00019104756915910043,-6.475804786987283e-05,7.53667848085637e-05,61.6861305041083,13.774894326521252,-0.010606715455651283,-0.010589835233986378
L18_alpha_counterweight,17,delta,0.0,0.0,0.9999999403953552,0.0,0.0,0.0,0.0,0.0,0.0,-0.010606715455651283,-0.010589835233986378
L18_alpha_counterweight,18,u,0.0009025190956890583,0.012949087657034397,0.9998394846916199,0.00028918262496517854,0.00020510205781771034,-6.206619639215205e-05,8.635110938417975e-05,61.72460404427991,11.170373242300071,-0.004359998740255833,-0.0040550753474235535
L18_alpha_counterweight,18,delta,-0.00020194376702420413,0.04158132150769234,0.9999563097953796,0.011296519802999682,0.00959809501606936,-0.0008602787072504725,0.0008957464661756328,3.1552926386638687,0.7349559614575409,-0.004359998740255833,-0.0040550753474235535
L18_alpha_counterweight,19,u,0.000262321496848017,0.010814858600497246,0.9998764991760254,0.00024525285039089795,0.00017122112743592137,-4.722682911051379e-05,7.449448924566415e-05,61.730372752563454,4.155262675539075,0.010079462081193924,0.010388602502644062
L18_alpha_counterweight,19,delta,0.002614842727780342,0.07204124331474304,0.9999179840087891,0.012153104448225349,0.010289182654788488,-0.0005739023600654036,0.0013485136908433452,5.8204946938279525,2.364635038459642,0.010079462081193924,0.010388602502644062
L18_alpha_counterweight,20,u,-0.00026053638430312276,0.010293577797710896,0.99989253282547,0.00022056432349017995,0.0001577026243066054,-3.459928266238421e-05,5.780513879576005e-05,63.87306264209179,-3.908531279679772,0.0063935830257833,0.006663926877081394
L18_alpha_counterweight,20,delta,-0.0022935611195862293,0.08710829168558121,0.9998934268951416,0.01178556760714855,0.010167432547887526,-0.00040780144935297357,0.0015598011756294643,7.408233722273244,-1.2089736119724606,0.0063935830257833,0.006663926877081394
L18_alpha_counterweight,21,u,0.0004982334794476628,0.009445936419069767,0.9999154806137085,0.00019708917811840366,0.00013939706165132877,-3.1408320137416015e-05,4.665216464834207e-05,66.34846375471967,11.352751813887954,0.004598756320774555,0.004764299839735031
L18_alpha_counterweight,21,delta,-0.009764816612005234,0.10110092163085938,0.9998782277107239,0.011433565396873745,0.009825396469150639,-0.00023154717819124927,0.001162087683330278,9.126079277252584,-8.20356447022084,0.004598756320774555,0.004764299839735031
L18_alpha_counterweight,22,u,0.00016988276911433786,0.008052440360188484,0.9999422430992126,0.00016617901524114133,0.00011536307639221452,-2.4504415534920554e-05,4.6601590547489094e-05,68.35976667585541,4.171166932258272,-0.0018243314698338509,-0.0018686838448047638
L18_alpha_counterweight,22,delta,-0.013543144799768925,0.10310953855514526,0.9998812675476074,0.011014401825377718,0.009301872817247567,-7.901056737864564e-05,0.0011526907274047185,9.900708022829166,-11.680602811911154,-0.0018243314698338509,-0.0018686838448047638
L18_alpha_counterweight,23,u,0.000131671637063846,0.006783823948353529,0.9999515414237976,0.00012176341729173146,8.312777200005147e-05,-6.139462215060121e-06,3.051415890661724e-05,80.14145248118994,4.516152109862408,-0.0007994695333763957,-0.0007121515227481723
L18_alpha_counterweight,23,delta,-0.009309131652116776,0.12465398013591766,0.9998542666435242,0.011591721451259219,0.009670645543349758,-7.740826504232245e-05,0.0014868500336449452,11.691282292020931,-6.208909418748776,-0.0007994695333763957,-0.0007121515227481723
L18_alpha_counterweight,24,u,-7.477148756152019e-05,0.005542582366615534,0.9999592304229736,9.121508521729993e-05,6.120397411512375e-05,-4.615760224169207e-06,1.7829542064149343e-05,89.06738970503382,-3.9345818587539374,0.04956267401576042,0.050401993095874786
L18_alpha_counterweight,24,delta,-0.017296114936470985,0.14370451867580414,0.999850869178772,0.01279459806100931,0.010571225773885754,-6.934250309313939e-05,0.0017138942538534416,12.383607259110494,-10.051239942841303,0.04956267401576042,0.050401993095874786
L18_alpha_counterweight,25,u,-0.0003657926572486758,0.004640653729438782,0.999965250492096,7.324799005345995e-05,4.881885892786405e-05,-2.8095495963498253e-06,1.3047056498692795e-05,93.55630761109111,-27.818940521041664,0.03573793172836304,0.036487847566604614
L18_alpha_counterweight,25,delta,-0.014585030265152454,0.16639161109924316,0.9998337626457214,0.01396559527493082,0.01141468343385847,0.00011353305071679643,0.0019898339587762384,13.353502386117936,-7.386825350032529,0.03573793172836304,0.036487847566604614
combined_L24+L18,10,u,-0.0032161227427423,0.03817649558186531,0.9963723421096802,0.005831636066432111,0.008412880586866444,0.0005025873471822706,0.0021817952573474683,3.8446826074347173,-1.7044259185069894,-0.01046158466488123,-0.01170794852077961
combined_L24+L18,10,delta,0.0,0.0,1.0000001192092896,0.0,0.0,0.0,0.0,0.0,0.0,-0.01046158466488123,-0.01170794852077961
combined_L24+L18,11,u,-0.005191144533455372,0.03991612419486046,0.9963116645812988,0.006284516098094173,0.009080343340098152,0.0006192775294039165,0.002388058172856669,3.703781138370657,-2.4331147774318693,-0.00020299293100833893,-0.0003286972641944885
combined_L24+L18,11,delta,0.0,0.0,1.0,0.0,0.0,0.0,0.0,0.0,0.0,-0.00020299293100833893,-0.0003286972641944885
combined_L24+L18,12,u,-0.005440539680421352,0.04341277480125427,0.9960081577301025,0.0068241191504057495,0.009860846207889254,0.0007288619527571427,0.002469361537173217,3.7104981833179065,-2.498378241471529,0.015576401725411415,0.01733575575053692
combined_L24+L18,12,delta,0.0,0.0,1.0,0.0,0.0,0.0,0.0,0.0,0.0,0.015576401725411415,0.01733575575053692
combined_L24+L18,13,u,-0.007108972407877445,0.04599007964134216,0.9959551095962524,0.007275115430820734,0.010472663194682196,0.0007118288915989978,0.0025020873666806785,3.6967636401614117,-3.1257094687873384,0.018374793231487274,0.02097932994365692
combined_L24+L18,13,delta,0.0,0.0,1.0,0.0,0.0,0.0,0.0,0.0,0.0,0.018374793231487274,0.02097932994365692
combined_L24+L18,14,u,-0.006381566170603037,0.0512821301817894,0.9956717491149902,0.008280201343586669,0.011865314913038535,0.0006973314495553496,0.002642132137603525,3.624170578631527,-2.6792357733263614,0.009576584212481976,0.01279965415596962
combined_L24+L18,14,delta,0.0,0.0,1.0,0.0,0.0,0.0,0.0,0.0,0.0,0.009576584212481976,0.01279965415596962
combined_L24+L18,15,u,-0.005732076708227396,0.05401543900370598,0.995688259601593,0.008917550795013085,0.012898093586197947,0.0003235735770431347,0.0023023471703412105,3.496476778589564,-2.630206136187072,-0.0013419613242149353,0.0012341048568487167
combined_L24+L18,15,delta,0.0,0.0,0.9999999403953552,0.0,0.0,0.0,0.0,0.0,0.0,-0.0013419613242149353,0.0012341048568487167
combined_L24+L18,16,u,-0.00636806758120656,0.06022808700799942,0.995783805847168,0.010154491796856745,0.01477325044259306,0.00022208171612874138,0.0024494549336776233,3.389476947963837,-2.6904543195601907,-0.018441542983055115,-0.018230026587843895
combined_L24+L18,16,delta,0.0,0.0,1.0,0.0,0.0,0.0,0.0,0.0,0.0,-0.018441542983055115,-0.018230026587843895
combined_L24+L18,17,u,-0.007847302593290806,0.06355772167444229,0.9957723021507263,0.010970455268397928,0.016030556744270192,0.00013719108246732504,0.0024208894238864818,3.2804389744231233,-3.2981640131154206,-0.010606715455651283,-0.012796515598893166
combined_L24+L18,17,delta,0.0,0.0,0.9999999403953552,0.0,0.0,0.0,0.0,0.0,0.0,-0.010606715455651283,-0.012796515598893166
combined_L24+L18,18,u,-0.008676157332956791,0.06518801301717758,0.9958456754684448,0.011375927238259465,0.016451286674237398,-0.00015772481801832328,0.0020661118070802844,3.2709953679302246,-4.122927114989546,-0.004359998740255833,-0.007629662752151489
combined_L24+L18,18,delta,-0.00020194376702420413,0.04158132150769234,0.9999563097953796,0.003749852004693821,0.004456522121463779,5.318664730111777e-05,0.00016077711243938205,8.489010035826421,-1.5868479263401813,-0.004359998740255833,-0.007629662752151489
combined_L24+L18,19,u,-0.008438346907496452,0.06180311739444733,0.9958892464637756,0.010742572846356779,0.015777883795795748,-9.231962776539149e-05,0.0020901891045462303,3.236209746042536,-3.992951292601656,0.010079462081193924,0.005332187749445438
combined_L24+L18,19,delta,0.002614842727780342,0.07204124331474304,0.9999179840087891,0.014289248299610336,0.021713153691084702,0.000339167801757867,0.0008472868448677866,2.6597698877374714,2.6858345009983924,0.010079462081193924,0.005332187749445438
combined_L24+L18,20,u,-0.007828532718122005,0.06409385800361633,0.9957678914070129,0.010323472559684887,0.015273818957626301,0.0006281835689151194,0.0030611773194150933,3.5204281308215633,-2.7625689863937652,0.0063935830257833,0.0015561021864414215
combined_L24+L18,20,delta,-0.0022935611195862293,0.08710829168558121,0.9998934268951416,0.01924302363913739,0.030134029126372246,-0.0010296393100361456,0.002383308767071446,2.2521138978702524,-0.5303220869619314,0.0063935830257833,0.0015561021864414215
combined_L24+L18,21,u,-0.002206154866144061,0.0658404678106308,0.9958845376968384,0.010257979755988345,0.015602224606102517,0.0002887301550799748,0.0022316254624882605,3.562471756138587,-1.117967125395279,0.004598756320774555,-0.0005052508786320686
combined_L24+L18,21,delta,-0.009764816612005234,0.10110092163085938,0.9998782277107239,0.022818184237985407,0.036903291334697205,-0.004471122921313508,0.009341843280049753,2.121294129609975,-0.5666647325728633,0.004598756320774555,-0.0005052508786320686
combined_L24+L18,22,u,0.0004969967412762344,0.06595709919929504,0.9961456656455994,0.0105022263887804,0.016469811427931122,-0.0002748875762335956,0.0009935116849388958,3.3670615893881606,0.7769244713340558,-0.0018243314698338509,-0.005478851497173309
combined_L24+L18,22,delta,-0.013543144799768925,0.10310953855514526,0.9998812675476074,0.02298986607202096,0.03715924316318417,-0.003793912989749515,0.007926987508142044,2.1561168502588526,-1.2298783831975644,-0.0018243314698338509,-0.005478851497173309
combined_L24+L18,23,u,0.0005948783364146948,0.06232095882296562,0.995932936668396,0.009818314656149596,0.015700145705912088,-0.00046706743432878284,0.0005806709285748722,3.3440862146240646,1.8288222979019892,-0.0007994695333763957,-0.003998023457825184
combined_L24+L18,23,delta,-0.009309131652116776,0.12465398013591766,0.9998542666435242,0.025084750124369747,0.04027496182124302,-0.003160933856088377,0.007160173802714579,2.4722364227492255,-0.8586658797348748,-0.0007994695333763957,-0.003998023457825184
combined_L24+L18,24,u,-0.00031913461862131953,0.058029621839523315,0.9955465793609619,0.008753782042185776,0.014166589841097733,3.961971688113408e-05,0.0008175604707415432,3.4783131912292373,-0.43881022814964216,0.04956267401576042,0.04487127065658569
combined_L24+L18,24,delta,-0.20919932425022125,1.0760518312454224,0.991350531578064,0.2103480752557516,0.2771754002799291,-0.01831261409679428,0.030886414594857185,3.1233065848991637,-6.180280439702787,0.04956267401576042,0.04487127065658569
combined_L24+L18,25,u,0.000491960032377392,0.047866031527519226,0.9963343143463135,0.007083047169726342,0.011496452055873975,0.00032347056595654066,0.0011214705568214388,3.5474406027305365,0.15023962524595563,0.03573793172836304,0.030654821544885635
combined_L24+L18,25,delta,-0.2666453719139099,1.274466633796692,0.9898432493209839,0.23493463564664124,0.3123125516511692,-0.013004957215161993,0.021374409238891643,3.328498932641793,-11.866545643315037,0.03573793172836304,0.030654821544885635
