feature_id,correct_answer,n_prompts,n_nonzero,mean_effect,mean_abs_effect,max_abs_effect,sfr,n_flip,layer,community,grad_attr_sign,role_label
L10_F116205,electron,80,79,-0.56953125,0.774609375,4.078125,0.0,0,,,,
L10_F116205,neutron,135,133,-0.7833333333333333,1.0050925925925926,3.21875,0.007407407407407408,1,,,,
L10_F116205,photon,152,151,-1.6307565789473684,1.657483552631579,6.8125,0.039473684210526314,6,,,,
L10_F116205,proton,80,78,-0.536328125,0.723828125,2.21875,0.0125,1,,,,
L10_F41460,electron,80,77,-0.54921875,0.762890625,4.015625,0.0,0,,,,
L10_F41460,neutron,135,133,-0.7554398148148148,0.9975694444444444,3.40625,0.007407407407407408,1,,,,
L10_F41460,photon,152,152,-1.65625,1.678453947368421,6.875,0.046052631578947366,7,,,,
L10_F41460,proton,80,78,-0.5265625,0.7125,2.25,0.0125,1,,,,
L10_F56424,electron,80,79,-0.5310546875,0.7556640625,4.203125,0.0,0,,,,
L10_F56424,neutron,135,133,-0.7331018518518518,0.9793981481481482,3.4375,0.007407407407407408,1,,,,
L10_F56424,photon,152,152,-1.6402138157894737,1.6591282894736843,6.625,0.039473684210526314,6,,,,
L10_F56424,proton,80,79,-0.52421875,0.71015625,2.25,0.0125,1,,,,
L10_F72085,electron,80,77,-0.5580078125,0.7630859375,4.234375,0.0,0,,,,
L10_F72085,neutron,135,131,-0.7612268518518519,0.996875,3.4375,0.007407407407407408,1,,,,
L10_F72085,photon,152,152,-1.6840049342105263,1.7025082236842106,7.0,0.046052631578947366,7,,,,
L10_F72085,proton,80,78,-0.53828125,0.73125,2.375,0.0125,1,,,,
L10_F9316,electron,80,76,-0.5490234375,0.7658203125,4.328125,0.0,0,,,,
L10_F9316,neutron,135,134,-0.7662037037037037,0.9976851851851852,3.375,0.007407407407407408,1,,,,
L10_F9316,photon,152,152,-1.6849300986842106,1.709189967105263,6.71875,0.039473684210526314,6,,,,
L10_F9316,proton,80,79,-0.55390625,0.74375,2.53125,0.0125,1,,,,
L11_F134274,electron,80,79,0.0603515625,0.4611328125,1.59375,0.0,0,,,,
L11_F134274,neutron,135,133,0.2865740740740741,0.7333333333333333,3.21875,0.022222222222222223,3,,,,
L11_F134274,photon,152,151,-0.3441611842105263,0.727796052631579,3.34375,0.006578947368421052,1,,,,
L11_F134274,proton,80,79,0.0587890625,0.4267578125,1.5625,0.0,0,,,,
L11_F9723,electron,80,78,0.035546875,0.4453125,1.65625,0.0,0,,,,
L11_F9723,neutron,135,133,0.24641203703703704,0.7184027777777777,3.09375,0.022222222222222223,3,,,,
L11_F9723,photon,152,152,-0.36698190789473684,0.7263569078947368,3.5,0.006578947368421052,1,,,,
L11_F9723,proton,80,80,0.0404296875,0.4111328125,1.703125,0.0,0,,,,
L12_F100195,electron,80,77,0.4025390625,0.5173828125,1.6875,0.0,0,,,,
L12_F100195,neutron,135,131,0.30451388888888886,0.5193287037037037,2.96875,0.0,0,,,,
L12_F100195,photon,152,149,0.41303453947368424,0.6334292763157895,3.8125,0.0,0,,,,
L12_F100195,proton,80,80,0.0986328125,0.4119140625,1.34375,0.0,0,,,,
L12_F159359,electron,80,78,0.373828125,0.494921875,1.5625,0.0,0,12.0,4.0,1.0,α-attr
L12_F159359,neutron,135,128,0.32407407407407407,0.524537037037037,3.0625,0.0,0,12.0,4.0,1.0,α-attr
L12_F159359,photon,152,149,0.43379934210526316,0.6492598684210527,3.9375,0.0,0,12.0,4.0,1.0,α-attr
L12_F159359,proton,80,77,0.067578125,0.398046875,1.34375,0.0,0,12.0,4.0,1.0,α-attr
L12_F50000,electron,80,78,0.375,0.4890625,1.75,0.0,0,12.0,3.0,1.0,α-attr
L12_F50000,neutron,135,128,0.2674768518518518,0.4994212962962963,3.125,0.0,0,12.0,3.0,1.0,α-attr
L12_F50000,photon,152,152,0.3399465460526316,0.598375822368421,3.6875,0.0,0,12.0,3.0,1.0,α-attr
L12_F50000,proton,80,80,0.107421875,0.419140625,1.34375,0.0,0,12.0,3.0,1.0,α-attr
L13_F132297,electron,80,77,-0.1583984375,0.4189453125,1.75,0.0,0,,,,
L13_F132297,neutron,135,131,-0.7366898148148148,0.8885416666666667,4.84375,0.014814814814814815,2,,,,
L13_F132297,photon,152,148,-0.4935238486842105,0.7476356907894737,4.46875,0.006578947368421052,1,,,,
L13_F132297,proton,80,78,-0.19140625,0.5546875,3.0,0.0125,1,,,,
L13_F13278,electron,80,77,-0.18125,0.421875,1.8125,0.0,0,,,,
L13_F13278,neutron,135,132,-0.7193287037037037,0.8739583333333333,4.59375,0.007407407407407408,1,,,,
L13_F13278,photon,152,149,-0.47687088815789475,0.7281044407894737,4.25,0.006578947368421052,1,,,,
L13_F13278,proton,80,78,-0.2208984375,0.5462890625,3.03125,0.0125,1,,,,
L14_F18110,electron,80,74,0.0287109375,0.3529296875,1.28125,0.0,0,,,,
L14_F18110,neutron,135,132,0.13854166666666667,0.6385416666666667,3.3125,0.0,0,,,,
L14_F18110,photon,152,144,-0.15686677631578946,0.5548930921052632,3.9375,0.006578947368421052,1,,,,
L14_F18110,proton,80,79,-0.481640625,0.5875,3.40625,0.0,0,,,,
L15_F131368,electron,80,79,0.2625,0.391015625,1.609375,0.0,0,,,,
L15_F131368,neutron,135,125,0.321875,0.5001157407407407,3.046875,0.0,0,,,,
L15_F131368,photon,152,149,0.567639802631579,0.7090871710526315,3.3125,0.0,0,,,,
L15_F131368,proton,80,76,0.183984375,0.325390625,1.375,0.0,0,,,,
L15_F142865,electron,80,79,0.2556640625,0.3833984375,1.609375,0.0,0,,,,
L15_F142865,neutron,135,126,0.32256944444444446,0.502199074074074,3.171875,0.007407407407407408,1,,,,
L15_F142865,photon,152,150,0.563733552631579,0.7055921052631579,3.3125,0.0,0,,,,
L15_F142865,proton,80,75,0.1740234375,0.3251953125,1.4375,0.0,0,,,,
L15_F45839,electron,80,78,0.3330078125,0.4591796875,1.609375,0.0,0,15.0,3.0,1.0,α-attr
L15_F45839,neutron,135,129,0.42951388888888886,0.5630787037037037,3.703125,0.0,0,15.0,3.0,1.0,α-attr
L15_F45839,photon,152,147,0.550061677631579,0.7252261513157895,3.5,0.0,0,15.0,3.0,1.0,α-attr
L15_F45839,proton,80,77,0.1244140625,0.3412109375,1.4375,0.0,0,15.0,3.0,1.0,α-attr
L15_F76750,electron,80,78,0.262890625,0.3921875,1.609375,0.0,0,,,,
L15_F76750,neutron,135,130,0.3418981481481482,0.525,3.234375,0.007407407407407408,1,,,,
L15_F76750,photon,152,147,0.5643503289473685,0.7020970394736842,3.125,0.0,0,,,,
L15_F76750,proton,80,74,0.1771484375,0.3169921875,1.3125,0.0,0,,,,
L16_F35329,electron,80,79,0.082421875,0.472265625,1.3125,0.0,0,,,,
L16_F35329,neutron,135,132,-0.012847222222222222,0.5258101851851852,2.5625,0.007407407407407408,1,,,,
L16_F35329,photon,152,151,0.3573190789473684,0.7298519736842105,3.34375,0.0,0,,,,
L16_F35329,proton,80,79,-0.21171875,0.51796875,2.84375,0.0,0,,,,
L17_F119141,electron,80,75,0.3736328125,0.5173828125,1.5625,0.0,0,,,,
L17_F119141,neutron,135,131,0.2056712962962963,0.5267361111111111,4.84375,0.0,0,,,,
L17_F119141,photon,152,151,0.3711965460526316,0.9178659539473685,3.3125,0.006578947368421052,1,,,,
L17_F119141,proton,80,77,0.462890625,0.588671875,2.03125,0.0,0,,,,
L18_F71234,electron,80,78,0.9896484375,1.0521484375,3.1875,0.0,0,18.0,1.0,-1.0,β-attr
L18_F71234,neutron,135,132,0.9640046296296296,1.0524305555555555,4.78125,0.007407407407407408,1,18.0,1.0,-1.0,β-attr
L18_F71234,photon,152,152,1.8850740131578947,1.8858963815789473,5.8125,0.006578947368421052,1,18.0,1.0,-1.0,β-attr
L18_F71234,proton,80,80,0.595703125,0.794140625,3.5625,0.0,0,18.0,1.0,-1.0,β-attr
L19_F39488,electron,80,76,-0.5853515625,0.6697265625,1.875,0.0,0,19.0,1.0,-1.0,β-attr
L19_F39488,neutron,135,131,-0.45243055555555556,0.6542824074074074,3.546875,0.0,0,19.0,1.0,-1.0,β-attr
L19_F39488,photon,152,151,0.03978207236842105,0.6802014802631579,1.9375,0.0,0,19.0,1.0,-1.0,β-attr
L19_F39488,proton,80,79,-0.447265625,0.51484375,1.8125,0.0,0,19.0,1.0,-1.0,β-attr
L19_F41536,electron,80,79,-0.7353515625,0.7697265625,1.9375,0.0,0,19.0,1.0,-1.0,β-attr
L19_F41536,neutron,135,130,-0.5965277777777778,0.7439814814814815,3.6875,0.007407407407407408,1,19.0,1.0,-1.0,β-attr
L19_F41536,photon,152,148,-0.17722039473684212,0.6402138157894737,2.3125,0.0,0,19.0,1.0,-1.0,β-attr
L19_F41536,proton,80,79,-0.5697265625,0.6126953125,2.125,0.0,0,19.0,1.0,-1.0,β-attr
L19_F54110,electron,80,78,-0.7005859375,0.7552734375,2.15625,0.0,0,,,,
L19_F54110,neutron,135,133,-0.6153935185185185,0.7667824074074074,3.8125,0.007407407407407408,1,,,,
L19_F54110,photon,152,148,-0.13291529605263158,0.638671875,2.125,0.0,0,,,,
L19_F54110,proton,80,78,-0.4587890625,0.5408203125,2.0,0.0,0,,,,
L19_F59757,electron,80,80,-0.7421875,0.79609375,2.1875,0.0,0,,,,
L19_F59757,neutron,135,132,-0.6569444444444444,0.7935185185185185,3.921875,0.0,0,,,,
L19_F59757,photon,152,150,-0.21731085526315788,0.661389802631579,2.28125,0.006578947368421052,1,,,,
L19_F59757,proton,80,76,-0.5072265625,0.5728515625,2.0625,0.0,0,,,,
L20_F101109,electron,80,79,-1.33046875,1.34296875,3.75,0.0,0,20.0,1.0,1.0,α-attr
L20_F101109,neutron,135,135,-1.4204861111111111,1.521412037037037,5.125,0.022222222222222223,3,20.0,1.0,1.0,α-attr
L20_F101109,photon,152,152,-1.763466282894737,1.7823807565789473,5.875,0.039473684210526314,6,20.0,1.0,1.0,α-attr
L20_F101109,proton,80,79,-0.7998046875,0.9396484375,3.75,0.0125,1,20.0,1.0,1.0,α-attr
L20_F111138,electron,80,80,-1.3173828125,1.3361328125,3.59375,0.0,0,,,,
L20_F111138,neutron,135,134,-1.4251157407407407,1.5204861111111112,5.375,0.014814814814814815,2,,,,
L20_F111138,photon,152,152,-1.764391447368421,1.7816611842105263,6.0625,0.039473684210526314,6,,,,
L20_F111138,proton,80,80,-0.696484375,0.88125,3.46875,0.0125,1,,,,
L20_F111313,electron,80,80,-1.3345703125,1.3556640625,3.6875,0.0,0,,,,
L20_F111313,neutron,135,135,-1.4467592592592593,1.5439814814814814,5.1875,0.022222222222222223,3,,,,
L20_F111313,photon,152,152,-1.7705592105263157,1.7907072368421053,6.125,0.039473684210526314,6,,,,
L20_F111313,proton,80,80,-0.693359375,0.87578125,3.4375,0.0125,1,,,,
L20_F117855,electron,80,80,-1.3564453125,1.3759765625,3.625,0.0,0,,,,
L20_F117855,neutron,135,134,-1.4755787037037038,1.5644675925925926,5.25,0.014814814814814815,2,,,,
L20_F117855,photon,152,152,-1.807360197368421,1.8258634868421053,6.3125,0.039473684210526314,6,,,,
L20_F117855,proton,80,80,-0.7189453125,0.9041015625,3.53125,0.0125,1,,,,
L20_F24337,electron,80,80,-1.3541015625,1.3697265625,3.625,0.0,0,20.0,1.0,1.0,α-attr
L20_F24337,neutron,135,133,-1.4827546296296297,1.5804398148148149,5.34375,0.014814814814814815,2,20.0,1.0,1.0,α-attr
L20_F24337,photon,152,151,-1.7870065789473684,1.8067434210526316,6.125,0.039473684210526314,6,20.0,1.0,1.0,α-attr
L20_F24337,proton,80,80,-0.705859375,0.896875,3.4375,0.0125,1,20.0,1.0,1.0,α-attr
L21_F122057,electron,80,79,-0.3744140625,0.6326171875,1.65625,0.0,0,,,,
L21_F122057,neutron,135,133,-0.38680555555555557,0.81875,2.5625,0.014814814814814815,2,,,,
L21_F122057,photon,152,151,-0.953844572368421,1.1915090460526316,4.5625,0.013157894736842105,2,,,,
L21_F122057,proton,80,77,-0.2283203125,0.4892578125,1.78125,0.0125,1,,,,
L21_F144598,electron,80,79,-0.3841796875,0.6205078125,1.625,0.0,0,21.0,2.0,1.0,α-attr
L21_F144598,neutron,135,130,-0.3386574074074074,0.7597222222222222,2.4375,0.014814814814814815,2,21.0,2.0,1.0,α-attr
L21_F144598,photon,152,152,-0.7027138157894737,1.0464638157894737,3.90625,0.0,0,21.0,2.0,1.0,α-attr
L21_F144598,proton,80,77,-0.252734375,0.47109375,1.6875,0.0125,1,21.0,2.0,1.0,α-attr
L21_F15419,electron,80,78,-0.3990234375,0.6447265625,1.6875,0.0,0,,,,
L21_F15419,neutron,135,132,-0.37395833333333334,0.8186342592592593,2.375,0.014814814814814815,2,,,,
L21_F15419,photon,152,152,-0.9567228618421053,1.179173519736842,4.5625,0.013157894736842105,2,,,,
L21_F15419,proton,80,76,-0.2591796875,0.4830078125,1.8125,0.0125,1,,,,
L21_F20252,electron,80,76,-0.259375,0.590625,1.625,0.0,0,21.0,2.0,1.0,α-attr
L21_F20252,neutron,135,131,-0.2337962962962963,0.7354166666666667,2.0625,0.014814814814814815,2,21.0,2.0,1.0,α-attr
L21_F20252,photon,152,150,-0.6832853618421053,1.054173519736842,4.0,0.006578947368421052,1,21.0,2.0,1.0,α-attr
L21_F20252,proton,80,78,-0.1646484375,0.4306640625,1.6875,0.0125,1,21.0,2.0,1.0,α-attr
L21_F27974,electron,80,79,-0.434765625,0.651171875,1.59375,0.0,0,21.0,1.0,1.0,α-attr
L21_F27974,neutron,135,131,-0.4304398148148148,0.7630787037037037,2.4375,0.014814814814814815,2,21.0,1.0,1.0,α-attr
L21_F27974,photon,152,152,-0.8930921052631579,1.135279605263158,4.46875,0.013157894736842105,2,21.0,1.0,1.0,α-attr
L21_F27974,proton,80,78,-0.278515625,0.48359375,1.625,0.0125,1,21.0,1.0,1.0,α-attr
L21_F31790,electron,80,78,-0.4123046875,0.6408203125,1.71875,0.0,0,21.0,1.0,1.0,α-attr
L21_F31790,neutron,135,130,-0.49409722222222224,0.8438657407407407,2.5625,0.014814814814814815,2,21.0,1.0,1.0,α-attr
L21_F31790,photon,152,150,-0.9189967105263158,1.1583059210526316,4.4375,0.013157894736842105,2,21.0,1.0,1.0,α-attr
L21_F31790,proton,80,78,-0.2484375,0.503125,1.75,0.0125,1,21.0,1.0,1.0,α-attr
L22_F118125,electron,80,80,-2.2890625,2.2890625,4.5,0.0,0,,,,
L22_F118125,neutron,135,135,-2.680671296296296,2.694560185185185,6.5,0.014814814814814815,2,,,,
L22_F118125,photon,152,150,-2.0077097039473686,2.0109991776315788,5.875,0.019736842105263157,3,,,,
L22_F118125,proton,80,80,-1.16796875,1.248046875,3.3125,0.0125,1,,,,
L22_F139040,electron,80,80,-2.3029296875,2.3029296875,4.5625,0.0,0,,,,
L22_F139040,neutron,135,135,-2.698611111111111,2.713425925925926,6.59375,0.014814814814814815,2,,,,
L22_F139040,photon,152,152,-2.0059621710526314,2.009251644736842,5.9375,0.019736842105263157,3,,,,
L22_F139040,proton,80,80,-1.181640625,1.26875,3.375,0.025,2,,,,
L22_F27223,electron,80,80,-2.252734375,2.252734375,4.4375,0.0,0,,,,
L22_F27223,neutron,135,135,-2.644212962962963,2.6590277777777778,6.53125,0.014814814814814815,2,,,,
L22_F27223,photon,152,150,-1.9581620065789473,1.9622738486842106,5.78125,0.019736842105263157,3,,,,
L22_F27223,proton,80,80,-1.16015625,1.239453125,3.40625,0.0,0,,,,
L22_F39641,electron,80,80,-2.3216796875,2.3216796875,4.5,0.0,0,22.0,2.0,1.0,α-attr
L22_F39641,neutron,135,135,-2.6777777777777776,2.6944444444444446,6.78125,0.014814814814814815,2,22.0,2.0,1.0,α-attr
L22_F39641,photon,152,150,-1.988795230263158,1.9920847039473684,5.375,0.02631578947368421,4,22.0,2.0,1.0,α-attr
L22_F39641,proton,80,80,-1.262109375,1.3328125,3.53125,0.0,0,22.0,2.0,1.0,α-attr
L22_F41906,electron,80,80,-2.202734375,2.202734375,4.3125,0.0,0,,,,
L22_F41906,neutron,135,135,-2.617939814814815,2.6309027777777776,6.4375,0.014814814814814815,2,,,,
L22_F41906,photon,152,150,-1.9171463815789473,1.920435855263158,5.875,0.019736842105263157,3,,,,
L22_F41906,proton,80,80,-1.116015625,1.19609375,3.28125,0.0,0,,,,
L22_F63642,electron,80,80,-2.296484375,2.296484375,4.4375,0.0,0,,,,
L22_F63642,neutron,135,134,-2.691550925925926,2.7082175925925926,6.59375,0.014814814814814815,2,,,,
L22_F63642,photon,152,150,-2.0300164473684212,2.0324835526315788,5.875,0.019736842105263157,3,,,,
L22_F63642,proton,80,80,-1.177734375,1.259375,3.375,0.0125,1,,,,
L23_F118675,electron,80,78,-0.0912109375,0.5181640625,2.125,0.0,0,,,,
L23_F118675,neutron,135,134,-1.065625,1.1221064814814814,3.828125,0.014814814814814815,2,,,,
L23_F118675,photon,152,152,-1.2056949013157894,1.318153782894737,4.0625,0.03289473684210526,5,,,,
L23_F118675,proton,80,80,-0.104296875,0.483203125,1.5,0.0125,1,,,,
L23_F1264,electron,80,78,-0.109375,0.535546875,2.140625,0.0,0,,,,
L23_F1264,neutron,135,135,-1.0920138888888888,1.1503472222222222,3.9375,0.014814814814814815,2,,,,
L23_F1264,photon,152,152,-1.2250205592105263,1.3251439144736843,4.1875,0.03289473684210526,5,,,,
L23_F1264,proton,80,78,-0.1265625,0.46328125,1.5,0.0125,1,,,,
L23_F157706,electron,80,77,-0.107421875,0.541796875,2.125,0.0,0,,,,
L23_F157706,neutron,135,135,-1.0574074074074074,1.1157407407407407,3.8125,0.014814814814814815,2,,,,
L23_F157706,photon,152,150,-1.1639597039473684,1.302528782894737,4.0625,0.03289473684210526,5,,,,
L23_F157706,proton,80,79,-0.1533203125,0.4806640625,1.46875,0.0125,1,,,,
L23_F29730,electron,80,75,-0.1765625,0.53359375,2.03125,0.0,0,23.0,2.0,1.0,α-attr
L23_F29730,neutron,135,135,-1.107175925925926,1.157175925925926,3.9375,0.014814814814814815,2,23.0,2.0,1.0,α-attr
L23_F29730,photon,152,152,-1.2646998355263157,1.3658511513157894,4.0625,0.03289473684210526,5,23.0,2.0,1.0,α-attr
L23_F29730,proton,80,78,-0.1208984375,0.4697265625,1.34375,0.0125,1,23.0,2.0,1.0,α-attr
L23_F71325,electron,80,78,-0.13125,0.509765625,1.9375,0.0,0,,,,
L23_F71325,neutron,135,133,-0.9980324074074074,1.0540509259259259,3.703125,0.014814814814814815,2,,,,
L23_F71325,photon,152,152,-1.2197779605263157,1.3250411184210527,4.1875,0.03289473684210526,5,,,,
L23_F71325,proton,80,77,-0.16796875,0.47890625,1.4375,0.0125,1,,,,
L24_F104198,electron,80,80,-1.81171875,1.812890625,4.65625,0.0125,1,,,,
L24_F104198,neutron,135,133,-1.7831018518518518,1.8298611111111112,7.9375,0.007407407407407408,1,,,,
L24_F104198,photon,152,151,-1.5,1.5185032894736843,7.0,0.03289473684210526,5,,,,
L24_F104198,proton,80,80,-1.11875,1.185546875,3.09375,0.0,0,,,,
L24_F143388,electron,80,80,-1.9060546875,1.9072265625,4.5625,0.0125,1,,,,
L24_F143388,neutron,135,134,-1.8479166666666667,1.8833333333333333,7.9375,0.007407407407407408,1,,,,
L24_F143388,photon,152,151,-1.4444901315789473,1.466282894736842,6.375,0.03289473684210526,5,,,,
L24_F143388,proton,80,80,-1.143359375,1.20625,3.21875,0.0,0,,,,
L24_F153576,electron,80,80,-1.8462890625,1.8509765625,4.625,0.0125,1,24.0,2.0,1.0,α-attr
L24_F153576,neutron,135,134,-1.8755787037037037,1.9126157407407407,7.875,0.007407407407407408,1,24.0,2.0,1.0,α-attr
L24_F153576,photon,152,151,-1.5855263157894737,1.597861842105263,7.25,0.039473684210526314,6,24.0,2.0,1.0,α-attr
L24_F153576,proton,80,79,-1.196875,1.246484375,3.078125,0.0,0,24.0,2.0,1.0,α-attr
L24_F163125,electron,80,80,-1.7556640625,1.7685546875,4.5625,0.0125,1,,,,
L24_F163125,neutron,135,135,-1.760300925925926,1.8052083333333333,7.9375,0.007407407407407408,1,,,,
L24_F163125,photon,152,152,-1.5045230263157894,1.5238486842105263,7.25,0.039473684210526314,6,,,,
L24_F163125,proton,80,80,-1.1041015625,1.1654296875,3.078125,0.0,0,,,,
L24_F38741,electron,80,79,-1.581640625,1.602734375,4.28125,0.0,0,,,,
L24_F38741,neutron,135,133,-1.5822916666666667,1.6288194444444444,7.5625,0.014814814814814815,2,,,,
L24_F38741,photon,152,152,-1.3900082236842106,1.4150904605263157,6.5,0.02631578947368421,4,,,,
L24_F38741,proton,80,80,-1.1326171875,1.1814453125,2.984375,0.0,0,,,,
L25_F149731,electron,80,80,-1.39296875,1.40234375,3.65625,0.0,0,,,,
L25_F149731,neutron,135,135,-1.9177083333333333,1.9306712962962962,5.25,0.014814814814814815,2,,,,
L25_F149731,photon,152,152,-1.6546052631578947,1.662828947368421,4.9375,0.046052631578947366,7,,,,
L25_F149731,proton,80,79,-1.0271484375,1.0830078125,2.375,0.0,0,,,,
L25_F15948,electron,80,80,-1.4126953125,1.4228515625,3.625,0.0,0,25.0,0.0,1.0,α-attr
L25_F15948,neutron,135,135,-1.9586805555555555,1.9697916666666666,5.25,0.014814814814814815,2,25.0,0.0,1.0,α-attr
L25_F15948,photon,152,151,-1.645045230263158,1.652857730263158,5.0,0.046052631578947366,7,25.0,0.0,1.0,α-attr
L25_F15948,proton,80,80,-0.9873046875,1.0447265625,2.28125,0.0,0,25.0,0.0,1.0,α-attr
