prompt_idx,layer,zone,layer_delta,cumulative_delta,projected_logit_diff,baseline_logit_diff,flip_layer
0,10,early,0.0,0.0,5.125,5.125,
0,11,early,0.0,0.0,5.125,5.125,
0,12,early,1.6875,1.6875,6.8125,5.125,
0,13,early,0.46875,2.15625,7.28125,5.125,
0,14,early,0.0,2.15625,7.28125,5.125,
0,15,early,0.0,2.15625,7.28125,5.125,
0,16,early,0.0,2.15625,7.28125,5.125,
0,17,mid,0.0,2.15625,7.28125,5.125,
0,18,mid,0.0,2.15625,7.28125,5.125,
0,19,mid,0.0,2.15625,7.28125,5.125,
0,20,mid,0.0,2.15625,7.28125,5.125,
0,21,mid,0.0,2.15625,7.28125,5.125,
0,22,mid,0.46875,2.625,7.75,5.125,
0,23,late,0.140237808227539,2.765237808227539,7.890237808227539,5.125,
0,24,late,1.7911505699157715,4.5563883781433105,9.68138837814331,5.125,
0,25,late,2.125,6.6813883781433105,11.80638837814331,5.125,
1,10,early,0.0,0.0,6.65625,6.65625,
1,11,early,0.0,0.0,6.65625,6.65625,
1,12,early,1.09375,1.09375,7.75,6.65625,
1,13,early,0.46875,1.5625,8.21875,6.65625,
1,14,early,0.0,1.5625,8.21875,6.65625,
1,15,early,0.0,1.5625,8.21875,6.65625,
1,16,early,0.0,1.5625,8.21875,6.65625,
1,17,mid,0.0,1.5625,8.21875,6.65625,
1,18,mid,0.0,1.5625,8.21875,6.65625,
1,19,mid,0.0,1.5625,8.21875,6.65625,
1,20,mid,0.0,1.5625,8.21875,6.65625,
1,21,mid,0.0,1.5625,8.21875,6.65625,
1,22,mid,1.5,3.0625,9.71875,6.65625,
1,23,late,4.954822540283203,8.017322540283203,14.673572540283203,6.65625,
1,24,late,5.334895133972168,13.352217674255371,20.00846767425537,6.65625,
1,25,late,4.875,18.22721767425537,24.88346767425537,6.65625,
2,10,early,0.0,0.0,4.65625,4.65625,
2,11,early,0.0,0.0,4.65625,4.65625,
2,12,early,-0.3125,-0.3125,4.34375,4.65625,
2,13,early,0.34375,0.03125,4.6875,4.65625,
2,14,early,0.0,0.03125,4.6875,4.65625,
2,15,early,0.0,0.03125,4.6875,4.65625,
2,16,early,0.0,0.03125,4.6875,4.65625,
2,17,mid,0.0,0.03125,4.6875,4.65625,
2,18,mid,0.0,0.03125,4.6875,4.65625,
2,19,mid,0.0,0.03125,4.6875,4.65625,
2,20,mid,0.0,0.03125,4.6875,4.65625,
2,21,mid,0.0,0.03125,4.6875,4.65625,
2,22,mid,-0.59375,-0.5625,4.09375,4.65625,
2,23,late,1.0014166831970215,0.4389166831970215,5.0951666831970215,4.65625,
2,24,late,-0.7061634063720703,-0.26724672317504883,4.389003276824951,4.65625,
2,25,late,0.21875,-0.04849672317504883,4.607753276824951,4.65625,
3,10,early,0.0,0.0,4.9375,4.9375,
3,11,early,0.0,0.0,4.9375,4.9375,
3,12,early,-0.21875,-0.21875,4.71875,4.9375,
3,13,early,0.53125,0.3125,5.25,4.9375,
3,14,early,0.0,0.3125,5.25,4.9375,
3,15,early,0.0,0.3125,5.25,4.9375,
3,16,early,0.0,0.3125,5.25,4.9375,
3,17,mid,0.0,0.3125,5.25,4.9375,
3,18,mid,0.0,0.3125,5.25,4.9375,
3,19,mid,0.0,0.3125,5.25,4.9375,
3,20,mid,0.0,0.3125,5.25,4.9375,
3,21,mid,0.0,0.3125,5.25,4.9375,
3,22,mid,-0.625,-0.3125,4.625,4.9375,
3,23,late,1.7652692794799805,1.4527692794799805,6.3902692794799805,4.9375,
3,24,late,0.40540742874145497,1.8581767082214355,6.7956767082214355,4.9375,
3,25,late,0.3125,2.1706767082214355,7.1081767082214355,4.9375,
4,10,early,0.0,0.0,5.1875,5.1875,
4,11,early,0.0,0.0,5.1875,5.1875,
4,12,early,0.125,0.125,5.3125,5.1875,
4,13,early,0.125,0.25,5.4375,5.1875,
4,14,early,0.0,0.25,5.4375,5.1875,
4,15,early,0.0,0.25,5.4375,5.1875,
4,16,early,0.0,0.25,5.4375,5.1875,
4,17,mid,0.0,0.25,5.4375,5.1875,
4,18,mid,0.0,0.25,5.4375,5.1875,
4,19,mid,0.0,0.25,5.4375,5.1875,
4,20,mid,0.0,0.25,5.4375,5.1875,
4,21,mid,0.0,0.25,5.4375,5.1875,
4,22,mid,0.53125,0.78125,5.96875,5.1875,
4,23,late,1.340327262878418,2.121577262878418,7.309077262878418,5.1875,
4,24,late,4.496624946594238,6.618202209472656,11.805702209472656,5.1875,
4,25,late,0.0625,6.680702209472656,11.868202209472656,5.1875,
5,10,early,0.0,0.0,5.40625,5.40625,
5,11,early,0.0,0.0,5.40625,5.40625,
5,12,early,-0.3125,-0.3125,5.09375,5.40625,
5,13,early,0.1875,-0.125,5.28125,5.40625,
5,14,early,0.0,-0.125,5.28125,5.40625,
5,15,early,0.0,-0.125,5.28125,5.40625,
5,16,early,0.0,-0.125,5.28125,5.40625,
5,17,mid,0.0,-0.125,5.28125,5.40625,
5,18,mid,0.0,-0.125,5.28125,5.40625,
5,19,mid,0.0,-0.125,5.28125,5.40625,
5,20,mid,0.0,-0.125,5.28125,5.40625,
5,21,mid,0.0,-0.125,5.28125,5.40625,
5,22,mid,0.34375,0.21875,5.625,5.40625,
5,23,late,2.934852123260498,3.153602123260498,8.559852123260498,5.40625,
5,24,late,-0.0698609352111816,3.0837411880493164,8.489991188049316,5.40625,
5,25,late,-0.53125,2.5524911880493164,7.958741188049316,5.40625,
6,10,early,0.0,0.0,2.5625,2.5625,
6,11,early,0.0,0.0,2.5625,2.5625,
6,12,early,1.125,1.125,3.6875,2.5625,
6,13,early,0.6875,1.8125,4.375,2.5625,
6,14,early,0.0,1.8125,4.375,2.5625,
6,15,early,0.0,1.8125,4.375,2.5625,
6,16,early,0.0,1.8125,4.375,2.5625,
6,17,mid,0.0,1.8125,4.375,2.5625,
6,18,mid,0.0,1.8125,4.375,2.5625,
6,19,mid,0.0,1.8125,4.375,2.5625,
6,20,mid,0.0,1.8125,4.375,2.5625,
6,21,mid,0.0,1.8125,4.375,2.5625,
6,22,mid,0.8125,2.625,5.1875,2.5625,
6,23,late,1.7645273208618164,4.389527320861816,6.952027320861816,2.5625,
6,24,late,-2.78975772857666,1.5997695922851562,4.162269592285156,2.5625,
6,25,late,0.6875,2.2872695922851562,4.849769592285156,2.5625,
7,10,early,0.0,0.0,0.5625,0.5625,
7,11,early,0.0,0.0,0.5625,0.5625,
7,12,early,0.0625,0.0625,0.625,0.5625,
7,13,early,-0.5,-0.4375,0.125,0.5625,
7,14,early,0.0,-0.4375,0.125,0.5625,
7,15,early,0.0,-0.4375,0.125,0.5625,
7,16,early,0.0,-0.4375,0.125,0.5625,
7,17,mid,0.0,-0.4375,0.125,0.5625,
7,18,mid,0.0,-0.4375,0.125,0.5625,
7,19,mid,0.0,-0.4375,0.125,0.5625,
7,20,mid,0.0,-0.4375,0.125,0.5625,
7,21,mid,0.0,-0.4375,0.125,0.5625,
7,22,mid,0.9375,0.5,1.0625,0.5625,
7,23,late,3.2784746885299683,3.7784746885299683,4.340974688529968,0.5625,
7,24,late,-2.733898162841797,1.0445765256881714,1.6070765256881714,0.5625,
7,25,late,0.0,1.0445765256881714,1.6070765256881714,0.5625,
8,10,early,0.0,0.0,3.0625,3.0625,
8,11,early,0.0,0.0,3.0625,3.0625,
8,12,early,1.21875,1.21875,4.28125,3.0625,
8,13,early,-0.34375,0.875,3.9375,3.0625,
8,14,early,0.0,0.875,3.9375,3.0625,
8,15,early,0.0,0.875,3.9375,3.0625,
8,16,early,0.0,0.875,3.9375,3.0625,
8,17,mid,0.0,0.875,3.9375,3.0625,
8,18,mid,0.0,0.875,3.9375,3.0625,
8,19,mid,0.0,0.875,3.9375,3.0625,
8,20,mid,0.0,0.875,3.9375,3.0625,
8,21,mid,0.0,0.875,3.9375,3.0625,
8,22,mid,0.75,1.625,4.6875,3.0625,
8,23,late,0.6733818054199221,2.298381805419922,5.360881805419922,3.0625,
8,24,late,-0.2492427825927734,2.0491390228271484,5.111639022827148,3.0625,
8,25,late,1.3125,3.3616390228271484,6.424139022827148,3.0625,
9,10,early,0.0,0.0,2.125,2.125,24.0
9,11,early,0.0,0.0,2.125,2.125,24.0
9,12,early,0.34375,0.34375,2.46875,2.125,24.0
9,13,early,-0.21875,0.125,2.25,2.125,24.0
9,14,early,0.0,0.125,2.25,2.125,24.0
9,15,early,0.0,0.125,2.25,2.125,24.0
9,16,early,0.0,0.125,2.25,2.125,24.0
9,17,mid,0.0,0.125,2.25,2.125,24.0
9,18,mid,0.0,0.125,2.25,2.125,24.0
9,19,mid,0.0,0.125,2.25,2.125,24.0
9,20,mid,0.0,0.125,2.25,2.125,24.0
9,21,mid,0.0,0.125,2.25,2.125,24.0
9,22,mid,-0.75,-0.625,1.5,2.125,24.0
9,23,late,-1.1638097763061523,-1.7888097763061523,0.33619022369384766,2.125,24.0
9,24,late,-0.9296092987060547,-2.718419075012207,-0.593419075012207,2.125,24.0
9,25,late,-0.3125,-3.030919075012207,-0.905919075012207,2.125,24.0
10,10,early,0.0,0.0,3.40625,3.40625,
10,11,early,0.0,0.0,3.40625,3.40625,
10,12,early,-0.09375,-0.09375,3.3125,3.40625,
10,13,early,0.03125,-0.0625,3.34375,3.40625,
10,14,early,0.0,-0.0625,3.34375,3.40625,
10,15,early,0.0,-0.0625,3.34375,3.40625,
10,16,early,0.0,-0.0625,3.34375,3.40625,
10,17,mid,0.0,-0.0625,3.34375,3.40625,
10,18,mid,0.0,-0.0625,3.34375,3.40625,
10,19,mid,0.0,-0.0625,3.34375,3.40625,
10,20,mid,0.0,-0.0625,3.34375,3.40625,
10,21,mid,0.0,-0.0625,3.34375,3.40625,
10,22,mid,1.40625,1.34375,4.75,3.40625,
10,23,late,3.7416887283325195,5.0854387283325195,8.49168872833252,3.40625,
10,24,late,-0.4622821807861328,4.623156547546387,8.029406547546387,3.40625,
10,25,late,1.5625,6.185656547546387,9.591906547546387,3.40625,
11,10,early,0.0,0.0,2.3125,2.3125,
11,11,early,0.0,0.0,2.3125,2.3125,
11,12,early,-0.0625,-0.0625,2.25,2.3125,
11,13,early,0.3125,0.25,2.5625,2.3125,
11,14,early,0.0,0.25,2.5625,2.3125,
11,15,early,0.0,0.25,2.5625,2.3125,
11,16,early,0.0,0.25,2.5625,2.3125,
11,17,mid,0.0,0.25,2.5625,2.3125,
11,18,mid,0.0,0.25,2.5625,2.3125,
11,19,mid,0.0,0.25,2.5625,2.3125,
11,20,mid,0.0,0.25,2.5625,2.3125,
11,21,mid,0.0,0.25,2.5625,2.3125,
11,22,mid,1.5,1.75,4.0625,2.3125,
11,23,late,-0.4379262924194336,1.3120737075805664,3.6245737075805664,2.3125,
11,24,late,1.2692506313323975,2.581324338912964,4.893824338912964,2.3125,
11,25,late,2.6875,5.268824338912964,7.581324338912964,2.3125,
12,10,early,0.0,0.0,5.34375,5.34375,
12,11,early,0.0,0.0,5.34375,5.34375,
12,12,early,0.59375,0.59375,5.9375,5.34375,
12,13,early,0.65625,1.25,6.59375,5.34375,
12,14,early,0.0,1.25,6.59375,5.34375,
12,15,early,0.0,1.25,6.59375,5.34375,
12,16,early,0.0,1.25,6.59375,5.34375,
12,17,mid,0.0,1.25,6.59375,5.34375,
12,18,mid,0.0,1.25,6.59375,5.34375,
12,19,mid,0.0,1.25,6.59375,5.34375,
12,20,mid,0.0,1.25,6.59375,5.34375,
12,21,mid,0.0,1.25,6.59375,5.34375,
12,22,mid,0.84375,2.09375,7.4375,5.34375,
12,23,late,4.992424011230469,7.086174011230469,12.429924011230469,5.34375,
12,24,late,3.6623950004577637,10.748569011688232,16.092319011688232,5.34375,
12,25,late,4.34375,15.092319011688232,20.436069011688232,5.34375,
13,10,early,0.0,0.0,6.375,6.375,
13,11,early,0.0,0.0,6.375,6.375,
13,12,early,0.90625,0.90625,7.28125,6.375,
13,13,early,1.34375,2.25,8.625,6.375,
13,14,early,0.0,2.25,8.625,6.375,
13,15,early,0.0,2.25,8.625,6.375,
13,16,early,0.0,2.25,8.625,6.375,
13,17,mid,0.0,2.25,8.625,6.375,
13,18,mid,0.0,2.25,8.625,6.375,
13,19,mid,0.0,2.25,8.625,6.375,
13,20,mid,0.0,2.25,8.625,6.375,
13,21,mid,0.0,2.25,8.625,6.375,
13,22,mid,1.25,3.5,9.875,6.375,
13,23,late,11.665995597839355,15.165995597839355,21.540995597839355,6.375,
13,24,late,5.080552577972412,20.246548175811768,26.621548175811768,6.375,
13,25,late,8.125,28.371548175811768,34.74654817581177,6.375,
14,10,early,0.0,0.0,6.875,6.875,
14,11,early,0.0,0.0,6.875,6.875,
14,12,early,-0.3125,-0.3125,6.5625,6.875,
14,13,early,1.5,1.1875,8.0625,6.875,
14,14,early,0.0,1.1875,8.0625,6.875,
14,15,early,0.0,1.1875,8.0625,6.875,
14,16,early,0.0,1.1875,8.0625,6.875,
14,17,mid,0.0,1.1875,8.0625,6.875,
14,18,mid,0.0,1.1875,8.0625,6.875,
14,19,mid,0.0,1.1875,8.0625,6.875,
14,20,mid,0.0,1.1875,8.0625,6.875,
14,21,mid,0.0,1.1875,8.0625,6.875,
14,22,mid,-0.5625,0.625,7.5,6.875,
14,23,late,-1.4267358779907227,-0.8017358779907227,6.073264122009277,6.875,
14,24,late,-2.752103805541992,-3.553839683532715,3.321160316467285,6.875,
14,25,late,-2.15625,-5.710089683532715,1.1649103164672852,6.875,
15,10,early,0.0,0.0,6.375,6.375,
15,11,early,0.0,0.0,6.375,6.375,
15,12,early,0.90625,0.90625,7.28125,6.375,
15,13,early,0.5625,1.46875,7.84375,6.375,
15,14,early,0.0,1.46875,7.84375,6.375,
15,15,early,0.0,1.46875,7.84375,6.375,
15,16,early,0.0,1.46875,7.84375,6.375,
15,17,mid,0.0,1.46875,7.84375,6.375,
15,18,mid,0.0,1.46875,7.84375,6.375,
15,19,mid,0.0,1.46875,7.84375,6.375,
15,20,mid,0.0,1.46875,7.84375,6.375,
15,21,mid,0.0,1.46875,7.84375,6.375,
15,22,mid,1.1875,2.65625,9.03125,6.375,
15,23,late,4.919772148132324,7.576022148132324,13.951022148132324,6.375,
15,24,late,0.7765426635742188,8.352564811706543,14.727564811706543,6.375,
15,25,late,5.375,13.727564811706543,20.102564811706543,6.375,
16,10,early,0.0,0.0,7.96875,7.96875,
16,11,early,0.0,0.0,7.96875,7.96875,
16,12,early,0.0,0.0,7.96875,7.96875,
16,13,early,2.15625,2.15625,10.125,7.96875,
16,14,early,0.0,2.15625,10.125,7.96875,
16,15,early,0.0,2.15625,10.125,7.96875,
16,16,early,0.0,2.15625,10.125,7.96875,
16,17,mid,0.0,2.15625,10.125,7.96875,
16,18,mid,0.0,2.15625,10.125,7.96875,
16,19,mid,0.0,2.15625,10.125,7.96875,
16,20,mid,0.0,2.15625,10.125,7.96875,
16,21,mid,0.0,2.15625,10.125,7.96875,
16,22,mid,0.3125,2.46875,10.4375,7.96875,
16,23,late,-0.5541982650756836,1.9145517349243164,9.883301734924316,7.96875,
16,24,late,-1.1111383438110352,0.8034133911132812,8.772163391113281,7.96875,
16,25,late,-1.21875,-0.41533660888671875,7.553413391113281,7.96875,
17,10,early,0.0,0.0,4.96875,4.96875,
17,11,early,0.0,0.0,4.96875,4.96875,
17,12,early,0.28125,0.28125,5.25,4.96875,
17,13,early,-0.625,-0.34375,4.625,4.96875,
17,14,early,0.0,-0.34375,4.625,4.96875,
17,15,early,0.0,-0.34375,4.625,4.96875,
17,16,early,0.0,-0.34375,4.625,4.96875,
17,17,mid,0.0,-0.34375,4.625,4.96875,
17,18,mid,0.0,-0.34375,4.625,4.96875,
17,19,mid,0.0,-0.34375,4.625,4.96875,
17,20,mid,0.0,-0.34375,4.625,4.96875,
17,21,mid,0.0,-0.34375,4.625,4.96875,
17,22,mid,0.53125,0.1875,5.15625,4.96875,
17,23,late,9.277228832244873,9.464728832244873,14.433478832244873,4.96875,
17,24,late,1.4084935188293457,10.873222351074219,15.841972351074219,4.96875,
17,25,late,2.6875,13.560722351074219,18.52947235107422,4.96875,
18,10,early,0.0,0.0,0.9375,0.9375,
18,11,early,0.0,0.0,0.9375,0.9375,
18,12,early,1.25,1.25,2.1875,0.9375,
18,13,early,-0.25,1.0,1.9375,0.9375,
18,14,early,0.0,1.0,1.9375,0.9375,
18,15,early,0.0,1.0,1.9375,0.9375,
18,16,early,0.0,1.0,1.9375,0.9375,
18,17,mid,0.0,1.0,1.9375,0.9375,
18,18,mid,0.0,1.0,1.9375,0.9375,
18,19,mid,0.0,1.0,1.9375,0.9375,
18,20,mid,0.0,1.0,1.9375,0.9375,
18,21,mid,0.0,1.0,1.9375,0.9375,
18,22,mid,1.3125,2.3125,3.25,0.9375,
18,23,late,11.387030839920044,13.699530839920044,14.637030839920044,0.9375,
18,24,late,1.883636474609375,15.583167314529419,16.52066731452942,0.9375,
18,25,late,3.25,18.83316731452942,19.77066731452942,0.9375,
19,10,early,0.0,0.0,-0.625,-0.625,23.0
19,11,early,0.0,0.0,-0.625,-0.625,23.0
19,12,early,0.1875,0.1875,-0.4375,-0.625,23.0
19,13,early,-0.1875,0.0,-0.625,-0.625,23.0
19,14,early,0.0,0.0,-0.625,-0.625,23.0
19,15,early,0.0,0.0,-0.625,-0.625,23.0
19,16,early,0.0,0.0,-0.625,-0.625,23.0
19,17,mid,0.0,0.0,-0.625,-0.625,23.0
19,18,mid,0.0,0.0,-0.625,-0.625,23.0
19,19,mid,0.0,0.0,-0.625,-0.625,23.0
19,20,mid,0.0,0.0,-0.625,-0.625,23.0
19,21,mid,0.0,0.0,-0.625,-0.625,23.0
19,22,mid,0.0625,0.0625,-0.5625,-0.625,23.0
19,23,late,9.36707878112793,9.42957878112793,8.80457878112793,-0.625,23.0
19,24,late,3.6072139739990234,13.036792755126953,12.411792755126953,-0.625,23.0
19,25,late,1.375,14.411792755126953,13.786792755126953,-0.625,23.0
20,10,early,0.0,0.0,2.1875,2.1875,
20,11,early,0.0,0.0,2.1875,2.1875,
20,12,early,0.0625,0.0625,2.25,2.1875,
20,13,early,1.78125,1.84375,4.03125,2.1875,
20,14,early,0.0,1.84375,4.03125,2.1875,
20,15,early,0.0,1.84375,4.03125,2.1875,
20,16,early,0.0,1.84375,4.03125,2.1875,
20,17,mid,0.0,1.84375,4.03125,2.1875,
20,18,mid,0.0,1.84375,4.03125,2.1875,
20,19,mid,0.0,1.84375,4.03125,2.1875,
20,20,mid,0.0,1.84375,4.03125,2.1875,
20,21,mid,0.0,1.84375,4.03125,2.1875,
20,22,mid,2.90625,4.75,6.9375,2.1875,
20,23,late,0.9841480255126958,5.734148025512695,7.921648025512695,2.1875,
20,24,late,1.4164104461669922,7.1505584716796875,9.338058471679688,2.1875,
20,25,late,-1.15625,5.9943084716796875,8.181808471679688,2.1875,
21,10,early,0.0,0.0,0.1875,0.1875,
21,11,early,0.0,0.0,0.1875,0.1875,
21,12,early,1.125,1.125,1.3125,0.1875,
21,13,early,-0.3125,0.8125,1.0,0.1875,
21,14,early,0.0,0.8125,1.0,0.1875,
21,15,early,0.0,0.8125,1.0,0.1875,
21,16,early,0.0,0.8125,1.0,0.1875,
21,17,mid,0.0,0.8125,1.0,0.1875,
21,18,mid,0.0,0.8125,1.0,0.1875,
21,19,mid,0.0,0.8125,1.0,0.1875,
21,20,mid,0.0,0.8125,1.0,0.1875,
21,21,mid,0.0,0.8125,1.0,0.1875,
21,22,mid,0.8125,1.625,1.8125,0.1875,
21,23,late,8.759762525558472,10.384762525558472,10.572262525558472,0.1875,
21,24,late,-0.5472936630249023,9.83746886253357,10.02496886253357,0.1875,
21,25,late,0.5,10.33746886253357,10.52496886253357,0.1875,
22,10,early,0.0,0.0,1.59375,1.59375,25.0
22,11,early,0.0,0.0,1.59375,1.59375,25.0
22,12,early,1.40625,1.40625,3.0,1.59375,25.0
22,13,early,-0.28125,1.125,2.71875,1.59375,25.0
22,14,early,0.0,1.125,2.71875,1.59375,25.0
22,15,early,0.0,1.125,2.71875,1.59375,25.0
22,16,early,0.0,1.125,2.71875,1.59375,25.0
22,17,mid,0.0,1.125,2.71875,1.59375,25.0
22,18,mid,0.0,1.125,2.71875,1.59375,25.0
22,19,mid,0.0,1.125,2.71875,1.59375,25.0
22,20,mid,0.0,1.125,2.71875,1.59375,25.0
22,21,mid,0.0,1.125,2.71875,1.59375,25.0
22,22,mid,0.15625,1.28125,2.875,1.59375,25.0
22,23,late,-1.1257133483886719,0.15553665161132812,1.7492866516113281,1.59375,25.0
22,24,late,-1.7373046875,-1.5817680358886719,0.011981964111328125,1.59375,25.0
22,25,late,-3.9375,-5.519268035888672,-3.925518035888672,1.59375,25.0
23,10,early,0.0,0.0,0.375,0.375,
23,11,early,0.0,0.0,0.375,0.375,
23,12,early,0.5625,0.5625,0.9375,0.375,
23,13,early,-0.625,-0.0625,0.3125,0.375,
23,14,early,0.0,-0.0625,0.3125,0.375,
23,15,early,0.0,-0.0625,0.3125,0.375,
23,16,early,0.0,-0.0625,0.3125,0.375,
23,17,mid,0.0,-0.0625,0.3125,0.375,
23,18,mid,0.0,-0.0625,0.3125,0.375,
23,19,mid,0.0,-0.0625,0.3125,0.375,
23,20,mid,0.0,-0.0625,0.3125,0.375,
23,21,mid,0.0,-0.0625,0.3125,0.375,
23,22,mid,2.3125,2.25,2.625,0.375,
23,23,late,9.421774864196777,11.671774864196777,12.046774864196777,0.375,
23,24,late,5.865582466125488,17.537357330322266,17.912357330322266,0.375,
23,25,late,5.875,23.412357330322266,23.787357330322266,0.375,
24,10,early,0.0,0.0,7.25,7.25,
24,11,early,0.0,0.0,7.25,7.25,
24,12,early,4.1875,4.1875,11.4375,7.25,
24,13,early,0.875,5.0625,12.3125,7.25,
24,14,early,0.0,5.0625,12.3125,7.25,
24,15,early,0.0,5.0625,12.3125,7.25,
24,16,early,0.0,5.0625,12.3125,7.25,
24,17,mid,0.0,5.0625,12.3125,7.25,
24,18,mid,0.0,5.0625,12.3125,7.25,
24,19,mid,0.0,5.0625,12.3125,7.25,
24,20,mid,0.0,5.0625,12.3125,7.25,
24,21,mid,0.0,5.0625,12.3125,7.25,
24,22,mid,0.34375,5.40625,12.65625,7.25,
24,23,late,1.4277667999267578,6.834016799926758,14.084016799926758,7.25,
24,24,late,0.0435662269592286,6.877583026885986,14.127583026885986,7.25,
24,25,late,5.0,11.877583026885986,19.127583026885986,7.25,
25,10,early,0.0,0.0,9.125,9.125,
25,11,early,0.0,0.0,9.125,9.125,
25,12,early,1.65625,1.65625,10.78125,9.125,
25,13,early,1.25,2.90625,12.03125,9.125,
25,14,early,0.0,2.90625,12.03125,9.125,
25,15,early,0.0,2.90625,12.03125,9.125,
25,16,early,0.0,2.90625,12.03125,9.125,
25,17,mid,0.0,2.90625,12.03125,9.125,
25,18,mid,0.0,2.90625,12.03125,9.125,
25,19,mid,0.0,2.90625,12.03125,9.125,
25,20,mid,0.0,2.90625,12.03125,9.125,
25,21,mid,0.0,2.90625,12.03125,9.125,
25,22,mid,1.625,4.53125,13.65625,9.125,
25,23,late,6.83071231842041,11.36196231842041,20.48696231842041,9.125,
25,24,late,5.532746315002441,16.89470863342285,26.01970863342285,9.125,
25,25,late,17.15625,34.05095863342285,43.17595863342285,9.125,
26,10,early,0.0,0.0,4.625,4.625,
26,11,early,0.0,0.0,4.625,4.625,
26,12,early,-0.15625,-0.15625,4.46875,4.625,
26,13,early,-0.0625,-0.21875,4.40625,4.625,
26,14,early,0.0,-0.21875,4.40625,4.625,
26,15,early,0.0,-0.21875,4.40625,4.625,
26,16,early,0.0,-0.21875,4.40625,4.625,
26,17,mid,0.0,-0.21875,4.40625,4.625,
26,18,mid,0.0,-0.21875,4.40625,4.625,
26,19,mid,0.0,-0.21875,4.40625,4.625,
26,20,mid,0.0,-0.21875,4.40625,4.625,
26,21,mid,0.0,-0.21875,4.40625,4.625,
26,22,mid,-0.5625,-0.78125,3.84375,4.625,
26,23,late,-0.1194381713867188,-0.9006881713867188,3.7243118286132812,4.625,
26,24,late,0.0386838912963868,-0.8620042800903319,3.762995719909668,4.625,
26,25,late,1.484375,0.6223707199096681,5.247370719909668,4.625,
27,10,early,0.0,0.0,9.25,9.25,
27,11,early,0.0,0.0,9.25,9.25,
27,12,early,-0.3125,-0.3125,8.9375,9.25,
27,13,early,0.4375,0.125,9.375,9.25,
27,14,early,0.0,0.125,9.375,9.25,
27,15,early,0.0,0.125,9.375,9.25,
27,16,early,0.0,0.125,9.375,9.25,
27,17,mid,0.0,0.125,9.375,9.25,
27,18,mid,0.0,0.125,9.375,9.25,
27,19,mid,0.0,0.125,9.375,9.25,
27,20,mid,0.0,0.125,9.375,9.25,
27,21,mid,0.0,0.125,9.375,9.25,
27,22,mid,0.625,0.75,10.0,9.25,
27,23,late,1.6302289962768555,2.3802289962768555,11.630228996276855,9.25,
27,24,late,0.7618551254272461,3.1420841217041016,12.392084121704102,9.25,
27,25,late,5.15625,8.298334121704102,17.5483341217041,9.25,
28,10,early,0.0,0.0,8.0625,8.0625,
28,11,early,0.0,0.0,8.0625,8.0625,
28,12,early,0.28125,0.28125,8.34375,8.0625,
28,13,early,0.0,0.28125,8.34375,8.0625,
28,14,early,0.0,0.28125,8.34375,8.0625,
28,15,early,0.0,0.28125,8.34375,8.0625,
28,16,early,0.0,0.28125,8.34375,8.0625,
28,17,mid,0.0,0.28125,8.34375,8.0625,
28,18,mid,0.0,0.28125,8.34375,8.0625,
28,19,mid,0.0,0.28125,8.34375,8.0625,
28,20,mid,0.0,0.28125,8.34375,8.0625,
28,21,mid,0.0,0.28125,8.34375,8.0625,
28,22,mid,0.1875,0.46875,8.53125,8.0625,
28,23,late,3.6323251724243164,4.101075172424316,12.163575172424316,8.0625,
28,24,late,3.578662395477295,7.679737567901611,15.742237567901611,8.0625,
28,25,late,4.78125,12.460987567901611,20.52348756790161,8.0625,
29,10,early,0.0,0.0,7.28125,7.28125,
29,11,early,0.0,0.0,7.28125,7.28125,
29,12,early,-0.78125,-0.78125,6.5,7.28125,
29,13,early,0.4375,-0.34375,6.9375,7.28125,
29,14,early,0.0,-0.34375,6.9375,7.28125,
29,15,early,0.0,-0.34375,6.9375,7.28125,
29,16,early,0.0,-0.34375,6.9375,7.28125,
29,17,mid,0.0,-0.34375,6.9375,7.28125,
29,18,mid,0.0,-0.34375,6.9375,7.28125,
29,19,mid,0.0,-0.34375,6.9375,7.28125,
29,20,mid,0.0,-0.34375,6.9375,7.28125,
29,21,mid,0.0,-0.34375,6.9375,7.28125,
29,22,mid,1.25,0.90625,8.1875,7.28125,
29,23,late,1.1971936225891113,2.1034436225891113,9.384693622589111,7.28125,
29,24,late,-0.452333927154541,1.6511096954345703,8.93235969543457,7.28125,
29,25,late,2.21875,3.8698596954345703,11.15110969543457,7.28125,
30,10,early,0.0,0.0,1.1875,1.1875,
30,11,early,0.0,0.0,1.1875,1.1875,
30,12,early,1.0,1.0,2.1875,1.1875,
30,13,early,0.75,1.75,2.9375,1.1875,
30,14,early,0.0,1.75,2.9375,1.1875,
30,15,early,0.0,1.75,2.9375,1.1875,
30,16,early,0.0,1.75,2.9375,1.1875,
30,17,mid,0.0,1.75,2.9375,1.1875,
30,18,mid,0.0,1.75,2.9375,1.1875,
30,19,mid,0.0,1.75,2.9375,1.1875,
30,20,mid,0.0,1.75,2.9375,1.1875,
30,21,mid,0.0,1.75,2.9375,1.1875,
30,22,mid,1.4375,3.1875,4.375,1.1875,
30,23,late,5.186030864715576,8.373530864715576,9.561030864715576,1.1875,
30,24,late,0.7838716506958008,9.157402515411377,10.344902515411377,1.1875,
30,25,late,3.875,13.032402515411377,14.219902515411377,1.1875,
31,10,early,0.0,0.0,0.0,0.0,12.0
31,11,early,0.0,0.0,0.0,0.0,12.0
31,12,early,0.125,0.125,0.125,0.0,12.0
31,13,early,-0.5625,-0.4375,-0.4375,0.0,12.0
31,14,early,0.0,-0.4375,-0.4375,0.0,12.0
31,15,early,0.0,-0.4375,-0.4375,0.0,12.0
31,16,early,0.0,-0.4375,-0.4375,0.0,12.0
31,17,mid,0.0,-0.4375,-0.4375,0.0,12.0
31,18,mid,0.0,-0.4375,-0.4375,0.0,12.0
31,19,mid,0.0,-0.4375,-0.4375,0.0,12.0
31,20,mid,0.0,-0.4375,-0.4375,0.0,12.0
31,21,mid,0.0,-0.4375,-0.4375,0.0,12.0
31,22,mid,0.375,-0.0625,-0.0625,0.0,12.0
31,23,late,4.305050849914551,4.242550849914551,4.242550849914551,0.0,12.0
31,24,late,1.403515338897705,5.646066188812256,5.646066188812256,0.0,12.0
31,25,late,0.75,6.396066188812256,6.396066188812256,0.0,12.0
32,10,early,0.0,0.0,2.8125,2.8125,24.0
32,11,early,0.0,0.0,2.8125,2.8125,24.0
32,12,early,0.5625,0.5625,3.375,2.8125,24.0
32,13,early,-0.875,-0.3125,2.5,2.8125,24.0
32,14,early,0.0,-0.3125,2.5,2.8125,24.0
32,15,early,0.0,-0.3125,2.5,2.8125,24.0
32,16,early,0.0,-0.3125,2.5,2.8125,24.0
32,17,mid,0.0,-0.3125,2.5,2.8125,24.0
32,18,mid,0.0,-0.3125,2.5,2.8125,24.0
32,19,mid,0.0,-0.3125,2.5,2.8125,24.0
32,20,mid,0.0,-0.3125,2.5,2.8125,24.0
32,21,mid,0.0,-0.3125,2.5,2.8125,24.0
32,22,mid,0.59375,0.28125,3.09375,2.8125,24.0
32,23,late,0.19185495376586914,0.47310495376586914,3.285604953765869,2.8125,24.0
32,24,late,-3.8670458793640137,-3.3939409255981445,-0.5814409255981445,2.8125,24.0
32,25,late,2.46875,-0.9251909255981445,1.8873090744018555,2.8125,24.0
33,10,early,0.0,0.0,2.375,2.375,
33,11,early,0.0,0.0,2.375,2.375,
33,12,early,1.3125,1.3125,3.6875,2.375,
33,13,early,0.0625,1.375,3.75,2.375,
33,14,early,0.0,1.375,3.75,2.375,
33,15,early,0.0,1.375,3.75,2.375,
33,16,early,0.0,1.375,3.75,2.375,
33,17,mid,0.0,1.375,3.75,2.375,
33,18,mid,0.0,1.375,3.75,2.375,
33,19,mid,0.0,1.375,3.75,2.375,
33,20,mid,0.0,1.375,3.75,2.375,
33,21,mid,0.0,1.375,3.75,2.375,
33,22,mid,2.3125,3.6875,6.0625,2.375,
33,23,late,5.888940811157227,9.576440811157227,11.951440811157227,2.375,
33,24,late,0.6251049041748047,10.201545715332031,12.576545715332031,2.375,
33,25,late,3.9375,14.139045715332031,16.51404571533203,2.375,
34,10,early,0.0,0.0,3.5,3.5,
34,11,early,0.0,0.0,3.5,3.5,
34,12,early,0.25,0.25,3.75,3.5,
34,13,early,-0.75,-0.5,3.0,3.5,
34,14,early,0.0,-0.5,3.0,3.5,
34,15,early,0.0,-0.5,3.0,3.5,
34,16,early,0.0,-0.5,3.0,3.5,
34,17,mid,0.0,-0.5,3.0,3.5,
34,18,mid,0.0,-0.5,3.0,3.5,
34,19,mid,0.0,-0.5,3.0,3.5,
34,20,mid,0.0,-0.5,3.0,3.5,
34,21,mid,0.0,-0.5,3.0,3.5,
34,22,mid,2.75,2.25,5.75,3.5,
34,23,late,7.599114894866943,9.849114894866943,13.349114894866943,3.5,
34,24,late,1.9559335708618164,11.80504846572876,15.30504846572876,3.5,
34,25,late,8.75,20.55504846572876,24.05504846572876,3.5,
35,10,early,0.0,0.0,1.5625,1.5625,
35,11,early,0.0,0.0,1.5625,1.5625,
35,12,early,-0.5625,-0.5625,1.0,1.5625,
35,13,early,0.0625,-0.5,1.0625,1.5625,
35,14,early,0.0,-0.5,1.0625,1.5625,
35,15,early,0.0,-0.5,1.0625,1.5625,
35,16,early,0.0,-0.5,1.0625,1.5625,
35,17,mid,0.0,-0.5,1.0625,1.5625,
35,18,mid,0.0,-0.5,1.0625,1.5625,
35,19,mid,0.0,-0.5,1.0625,1.5625,
35,20,mid,0.0,-0.5,1.0625,1.5625,
35,21,mid,0.0,-0.5,1.0625,1.5625,
35,22,mid,1.3125,0.8125,2.375,1.5625,
35,23,late,-0.30572080612182617,0.5067791938781738,2.069279193878174,1.5625,
35,24,late,1.626053810119629,2.1328330039978027,3.6953330039978027,1.5625,
35,25,late,3.1875,5.320333003997803,6.882833003997803,1.5625,
36,10,early,0.0,0.0,4.6875,4.6875,23.0
36,11,early,0.0,0.0,4.6875,4.6875,23.0
36,12,early,4.6875,4.6875,9.375,4.6875,23.0
36,13,early,-0.71875,3.96875,8.65625,4.6875,23.0
36,14,early,0.0,3.96875,8.65625,4.6875,23.0
36,15,early,0.0,3.96875,8.65625,4.6875,23.0
36,16,early,0.0,3.96875,8.65625,4.6875,23.0
36,17,mid,0.0,3.96875,8.65625,4.6875,23.0
36,18,mid,0.0,3.96875,8.65625,4.6875,23.0
36,19,mid,0.0,3.96875,8.65625,4.6875,23.0
36,20,mid,0.0,3.96875,8.65625,4.6875,23.0
36,21,mid,0.0,3.96875,8.65625,4.6875,23.0
36,22,mid,-0.375,3.59375,8.28125,4.6875,23.0
36,23,late,-9.862395286560059,-6.268645286560059,-1.5811452865600586,4.6875,23.0
36,24,late,-3.3426666259765625,-9.611311912536621,-4.923811912536621,4.6875,23.0
36,25,late,0.6875,-8.923811912536621,-4.236311912536621,4.6875,23.0
37,10,early,0.0,0.0,2.21875,2.21875,
37,11,early,0.0,0.0,2.21875,2.21875,
37,12,early,0.5,0.5,2.71875,2.21875,
37,13,early,0.96875,1.46875,3.6875,2.21875,
37,14,early,0.0,1.46875,3.6875,2.21875,
37,15,early,0.0,1.46875,3.6875,2.21875,
37,16,early,0.0,1.46875,3.6875,2.21875,
37,17,mid,0.0,1.46875,3.6875,2.21875,
37,18,mid,0.0,1.46875,3.6875,2.21875,
37,19,mid,0.0,1.46875,3.6875,2.21875,
37,20,mid,0.0,1.46875,3.6875,2.21875,
37,21,mid,0.0,1.46875,3.6875,2.21875,
37,22,mid,0.84375,2.3125,4.53125,2.21875,
37,23,late,-1.1649174690246582,1.1475825309753418,3.366332530975342,2.21875,
37,24,late,1.0910978317260742,2.238680362701416,4.457430362701416,2.21875,
37,25,late,1.03125,3.269930362701416,5.488680362701416,2.21875,
38,10,early,0.0,0.0,6.5,6.5,
38,11,early,0.0,0.0,6.5,6.5,
38,12,early,1.5,1.5,8.0,6.5,
38,13,early,-0.53125,0.96875,7.46875,6.5,
38,14,early,0.0,0.96875,7.46875,6.5,
38,15,early,0.0,0.96875,7.46875,6.5,
38,16,early,0.0,0.96875,7.46875,6.5,
38,17,mid,0.0,0.96875,7.46875,6.5,
38,18,mid,0.0,0.96875,7.46875,6.5,
38,19,mid,0.0,0.96875,7.46875,6.5,
38,20,mid,0.0,0.96875,7.46875,6.5,
38,21,mid,0.0,0.96875,7.46875,6.5,
38,22,mid,2.15625,3.125,9.625,6.5,
38,23,late,-3.965059757232666,-0.840059757232666,5.659940242767334,6.5,
38,24,late,1.1063332557678223,0.26627349853515625,6.766273498535156,6.5,
38,25,late,3.71875,3.9850234985351562,10.485023498535156,6.5,
39,10,early,0.0,0.0,4.3125,4.3125,
39,11,early,0.0,0.0,4.3125,4.3125,
39,12,early,1.4375,1.4375,5.75,4.3125,
39,13,early,1.3125,2.75,7.0625,4.3125,
39,14,early,0.0,2.75,7.0625,4.3125,
39,15,early,0.0,2.75,7.0625,4.3125,
39,16,early,0.0,2.75,7.0625,4.3125,
39,17,mid,0.0,2.75,7.0625,4.3125,
39,18,mid,0.0,2.75,7.0625,4.3125,
39,19,mid,0.0,2.75,7.0625,4.3125,
39,20,mid,0.0,2.75,7.0625,4.3125,
39,21,mid,0.0,2.75,7.0625,4.3125,
39,22,mid,3.1875,5.9375,10.25,4.3125,
39,23,late,1.9058852195739746,7.843385219573975,12.155885219573975,4.3125,
39,24,late,4.882705211639404,12.726090431213379,17.03859043121338,4.3125,
39,25,late,0.625,13.351090431213379,17.66359043121338,4.3125,
40,10,early,0.0,0.0,4.78125,4.78125,
40,11,early,0.0,0.0,4.78125,4.78125,
40,12,early,2.3125,2.3125,7.09375,4.78125,
40,13,early,-2.28125,0.03125,4.8125,4.78125,
40,14,early,0.0,0.03125,4.8125,4.78125,
40,15,early,0.0,0.03125,4.8125,4.78125,
40,16,early,0.0,0.03125,4.8125,4.78125,
40,17,mid,0.0,0.03125,4.8125,4.78125,
40,18,mid,0.0,0.03125,4.8125,4.78125,
40,19,mid,0.0,0.03125,4.8125,4.78125,
40,20,mid,0.0,0.03125,4.8125,4.78125,
40,21,mid,0.0,0.03125,4.8125,4.78125,
40,22,mid,0.6875,0.71875,5.5,4.78125,
40,23,late,6.432371139526367,7.151121139526367,11.932371139526367,4.78125,
40,24,late,0.7730422019958496,7.924163341522217,12.705413341522217,4.78125,
40,25,late,3.0625,10.986663341522217,15.767913341522217,4.78125,
41,10,early,0.0,0.0,1.96875,1.96875,
41,11,early,0.0,0.0,1.96875,1.96875,
41,12,early,-0.5,-0.5,1.46875,1.96875,
41,13,early,0.46875,-0.03125,1.9375,1.96875,
41,14,early,0.0,-0.03125,1.9375,1.96875,
41,15,early,0.0,-0.03125,1.9375,1.96875,
41,16,early,0.0,-0.03125,1.9375,1.96875,
41,17,mid,0.0,-0.03125,1.9375,1.96875,
41,18,mid,0.0,-0.03125,1.9375,1.96875,
41,19,mid,0.0,-0.03125,1.9375,1.96875,
41,20,mid,0.0,-0.03125,1.9375,1.96875,
41,21,mid,0.0,-0.03125,1.9375,1.96875,
41,22,mid,1.34375,1.3125,3.28125,1.96875,
41,23,late,0.4339160919189453,1.7464160919189453,3.7151660919189453,1.96875,
41,24,late,1.6190180778503418,3.365434169769287,5.334184169769287,1.96875,
41,25,late,2.28125,5.646684169769287,7.615434169769287,1.96875,
42,10,early,0.0,0.0,-1.4375,-1.4375,22.0
42,11,early,0.0,0.0,-1.4375,-1.4375,22.0
42,12,early,1.125,1.125,-0.3125,-1.4375,22.0
42,13,early,-0.8125,0.3125,-1.125,-1.4375,22.0
42,14,early,0.0,0.3125,-1.125,-1.4375,22.0
42,15,early,0.0,0.3125,-1.125,-1.4375,22.0
42,16,early,0.0,0.3125,-1.125,-1.4375,22.0
42,17,mid,0.0,0.3125,-1.125,-1.4375,22.0
42,18,mid,0.0,0.3125,-1.125,-1.4375,22.0
42,19,mid,0.0,0.3125,-1.125,-1.4375,22.0
42,20,mid,0.0,0.3125,-1.125,-1.4375,22.0
42,21,mid,0.0,0.3125,-1.125,-1.4375,22.0
42,22,mid,1.4375,1.75,0.3125,-1.4375,22.0
42,23,late,4.41894006729126,6.16894006729126,4.73144006729126,-1.4375,22.0
42,24,late,0.2027816772460937,6.3717217445373535,4.9342217445373535,-1.4375,22.0
42,25,late,2.375,8.746721744537354,7.3092217445373535,-1.4375,22.0
43,10,early,0.0,0.0,-5.09375,-5.09375,
43,11,early,0.0,0.0,-5.09375,-5.09375,
43,12,early,0.21875,0.21875,-4.875,-5.09375,
43,13,early,-0.15625,0.0625,-5.03125,-5.09375,
43,14,early,0.0,0.0625,-5.03125,-5.09375,
43,15,early,0.0,0.0625,-5.03125,-5.09375,
43,16,early,0.0,0.0625,-5.03125,-5.09375,
43,17,mid,0.0,0.0625,-5.03125,-5.09375,
43,18,mid,0.0,0.0625,-5.03125,-5.09375,
43,19,mid,0.0,0.0625,-5.03125,-5.09375,
43,20,mid,0.0,0.0625,-5.03125,-5.09375,
43,21,mid,0.0,0.0625,-5.03125,-5.09375,
43,22,mid,-1.6875,-1.625,-6.71875,-5.09375,
43,23,late,2.225181818008423,0.6001818180084229,-4.493568181991577,-5.09375,
43,24,late,-1.8407392501831055,-1.2405574321746826,-6.334307432174683,-5.09375,
43,25,late,1.90625,0.6656925678253174,-4.428057432174683,-5.09375,
44,10,early,0.0,0.0,-1.25,-1.25,23.0
44,11,early,0.0,0.0,-1.25,-1.25,23.0
44,12,early,0.5625,0.5625,-0.6875,-1.25,23.0
44,13,early,-1.4375,-0.875,-2.125,-1.25,23.0
44,14,early,0.0,-0.875,-2.125,-1.25,23.0
44,15,early,0.0,-0.875,-2.125,-1.25,23.0
44,16,early,0.0,-0.875,-2.125,-1.25,23.0
44,17,mid,0.0,-0.875,-2.125,-1.25,23.0
44,18,mid,0.0,-0.875,-2.125,-1.25,23.0
44,19,mid,0.0,-0.875,-2.125,-1.25,23.0
44,20,mid,0.0,-0.875,-2.125,-1.25,23.0
44,21,mid,0.0,-0.875,-2.125,-1.25,23.0
44,22,mid,1.6875,0.8125,-0.4375,-1.25,23.0
44,23,late,3.8648252487182617,4.677325248718262,3.4273252487182617,-1.25,23.0
44,24,late,-1.4004430770874023,3.2768821716308594,2.0268821716308594,-1.25,23.0
44,25,late,1.4375,4.714382171630859,3.4643821716308594,-1.25,23.0
45,10,early,0.0,0.0,-5.28125,-5.28125,
45,11,early,0.0,0.0,-5.28125,-5.28125,
45,12,early,-0.09375,-0.09375,-5.375,-5.28125,
45,13,early,-0.5625,-0.65625,-5.9375,-5.28125,
45,14,early,0.0,-0.65625,-5.9375,-5.28125,
45,15,early,0.0,-0.65625,-5.9375,-5.28125,
45,16,early,0.0,-0.65625,-5.9375,-5.28125,
45,17,mid,0.0,-0.65625,-5.9375,-5.28125,
45,18,mid,0.0,-0.65625,-5.9375,-5.28125,
45,19,mid,0.0,-0.65625,-5.9375,-5.28125,
45,20,mid,0.0,-0.65625,-5.9375,-5.28125,
45,21,mid,0.0,-0.65625,-5.9375,-5.28125,
45,22,mid,-2.34375,-3.0,-8.28125,-5.28125,
45,23,late,2.106144905090332,-0.893855094909668,-6.175105094909668,-5.28125,
45,24,late,-1.4482812881469727,-2.3421363830566406,-7.623386383056641,-5.28125,
45,25,late,0.84375,-1.4983863830566406,-6.779636383056641,-5.28125,
46,10,early,0.0,0.0,-2.0,-2.0,22.0
46,11,early,0.0,0.0,-2.0,-2.0,22.0
46,12,early,1.34375,1.34375,-0.65625,-2.0,22.0
46,13,early,-0.5625,0.78125,-1.21875,-2.0,22.0
46,14,early,0.0,0.78125,-1.21875,-2.0,22.0
46,15,early,0.0,0.78125,-1.21875,-2.0,22.0
46,16,early,0.0,0.78125,-1.21875,-2.0,22.0
46,17,mid,0.0,0.78125,-1.21875,-2.0,22.0
46,18,mid,0.0,0.78125,-1.21875,-2.0,22.0
46,19,mid,0.0,0.78125,-1.21875,-2.0,22.0
46,20,mid,0.0,0.78125,-1.21875,-2.0,22.0
46,21,mid,0.0,0.78125,-1.21875,-2.0,22.0
46,22,mid,1.6875,2.46875,0.46875,-2.0,22.0
46,23,late,5.540766716003418,8.009516716003418,6.009516716003418,-2.0,22.0
46,24,late,0.36262989044189453,8.372146606445312,6.3721466064453125,-2.0,22.0
46,25,late,4.25,12.622146606445312,10.622146606445312,-2.0,22.0
47,10,early,0.0,0.0,-3.6875,-3.6875,25.0
47,11,early,0.0,0.0,-3.6875,-3.6875,25.0
47,12,early,0.625,0.625,-3.0625,-3.6875,25.0
47,13,early,-0.3125,0.3125,-3.375,-3.6875,25.0
47,14,early,0.0,0.3125,-3.375,-3.6875,25.0
47,15,early,0.0,0.3125,-3.375,-3.6875,25.0
47,16,early,0.0,0.3125,-3.375,-3.6875,25.0
47,17,mid,0.0,0.3125,-3.375,-3.6875,25.0
47,18,mid,0.0,0.3125,-3.375,-3.6875,25.0
47,19,mid,0.0,0.3125,-3.375,-3.6875,25.0
47,20,mid,0.0,0.3125,-3.375,-3.6875,25.0
47,21,mid,0.0,0.3125,-3.375,-3.6875,25.0
47,22,mid,-0.75,-0.4375,-4.125,-3.6875,25.0
47,23,late,1.9035072326660156,1.4660072326660156,-2.2214927673339844,-3.6875,25.0
47,24,late,-0.018164157867431696,1.447843074798584,-2.239656925201416,-3.6875,25.0
47,25,late,2.3125,3.760343074798584,0.07284307479858398,-3.6875,25.0
48,10,early,0.0,0.0,6.09375,6.09375,
48,11,early,0.0,0.0,6.09375,6.09375,
48,12,early,0.09375,0.09375,6.1875,6.09375,
48,13,early,0.125,0.21875,6.3125,6.09375,
48,14,early,0.0,0.21875,6.3125,6.09375,
48,15,early,0.0,0.21875,6.3125,6.09375,
48,16,early,0.0,0.21875,6.3125,6.09375,
48,17,mid,0.0,0.21875,6.3125,6.09375,
48,18,mid,0.0,0.21875,6.3125,6.09375,
48,19,mid,0.0,0.21875,6.3125,6.09375,
48,20,mid,0.0,0.21875,6.3125,6.09375,
48,21,mid,0.0,0.21875,6.3125,6.09375,
48,22,mid,1.28125,1.5,7.59375,6.09375,
48,23,late,-1.864607334136963,-0.3646073341369629,5.729142665863037,6.09375,
48,24,late,0.4168868064880371,0.05227947235107422,6.146029472351074,6.09375,
48,25,late,2.59375,2.646029472351074,8.739779472351074,6.09375,
49,10,early,0.0,0.0,6.75,6.75,
49,11,early,0.0,0.0,6.75,6.75,
49,12,early,0.71875,0.71875,7.46875,6.75,
49,13,early,0.59375,1.3125,8.0625,6.75,
49,14,early,0.0,1.3125,8.0625,6.75,
49,15,early,0.0,1.3125,8.0625,6.75,
49,16,early,0.0,1.3125,8.0625,6.75,
49,17,mid,0.0,1.3125,8.0625,6.75,
49,18,mid,0.0,1.3125,8.0625,6.75,
49,19,mid,0.0,1.3125,8.0625,6.75,
49,20,mid,0.0,1.3125,8.0625,6.75,
49,21,mid,0.0,1.3125,8.0625,6.75,
49,22,mid,0.4375,1.75,8.5,6.75,
49,23,late,4.554978847503662,6.304978847503662,13.054978847503662,6.75,
49,24,late,2.7054872512817383,9.0104660987854,15.7604660987854,6.75,
49,25,late,2.75,11.7604660987854,18.5104660987854,6.75,
50,10,early,0.0,0.0,7.375,7.375,
50,11,early,0.0,0.0,7.375,7.375,
50,12,early,-0.40625,-0.40625,6.96875,7.375,
50,13,early,0.375,-0.03125,7.34375,7.375,
50,14,early,0.0,-0.03125,7.34375,7.375,
50,15,early,0.0,-0.03125,7.34375,7.375,
50,16,early,0.0,-0.03125,7.34375,7.375,
50,17,mid,0.0,-0.03125,7.34375,7.375,
50,18,mid,0.0,-0.03125,7.34375,7.375,
50,19,mid,0.0,-0.03125,7.34375,7.375,
50,20,mid,0.0,-0.03125,7.34375,7.375,
50,21,mid,0.0,-0.03125,7.34375,7.375,
50,22,mid,0.09375,0.0625,7.4375,7.375,
50,23,late,0.0458617210388183,0.1083617210388183,7.483361721038818,7.375,
50,24,late,-0.26361083984375,-0.1552491188049317,7.219750881195068,7.375,
50,25,late,-0.4375,-0.5927491188049316,6.782250881195068,7.375,
51,10,early,0.0,0.0,7.625,7.625,
51,11,early,0.0,0.0,7.625,7.625,
51,12,early,0.34375,0.34375,7.96875,7.625,
51,13,early,0.0,0.34375,7.96875,7.625,
51,14,early,0.0,0.34375,7.96875,7.625,
51,15,early,0.0,0.34375,7.96875,7.625,
51,16,early,0.0,0.34375,7.96875,7.625,
51,17,mid,0.0,0.34375,7.96875,7.625,
51,18,mid,0.0,0.34375,7.96875,7.625,
51,19,mid,0.0,0.34375,7.96875,7.625,
51,20,mid,0.0,0.34375,7.96875,7.625,
51,21,mid,0.0,0.34375,7.96875,7.625,
51,22,mid,0.96875,1.3125,8.9375,7.625,
51,23,late,-0.6002092361450195,0.7122907638549805,8.33729076385498,7.625,
51,24,late,-0.214210033416748,0.4980807304382325,8.123080730438232,7.625,
51,25,late,1.78125,2.2793307304382324,9.904330730438232,7.625,
52,10,early,0.0,0.0,6.1875,6.1875,
52,11,early,0.0,0.0,6.1875,6.1875,
52,12,early,-0.0625,-0.0625,6.125,6.1875,
52,13,early,0.0,-0.0625,6.125,6.1875,
52,14,early,0.0,-0.0625,6.125,6.1875,
52,15,early,0.0,-0.0625,6.125,6.1875,
52,16,early,0.0,-0.0625,6.125,6.1875,
52,17,mid,0.0,-0.0625,6.125,6.1875,
52,18,mid,0.0,-0.0625,6.125,6.1875,
52,19,mid,0.0,-0.0625,6.125,6.1875,
52,20,mid,0.0,-0.0625,6.125,6.1875,
52,21,mid,0.0,-0.0625,6.125,6.1875,
52,22,mid,0.5625,0.5,6.6875,6.1875,
52,23,late,3.6016788482666016,4.101678848266602,10.289178848266602,6.1875,
52,24,late,2.804410934448242,6.906089782714844,13.093589782714844,6.1875,
52,25,late,-0.25,6.656089782714844,12.843589782714844,6.1875,
53,10,early,0.0,0.0,7.9375,7.9375,
53,11,early,0.0,0.0,7.9375,7.9375,
53,12,early,-0.1875,-0.1875,7.75,7.9375,
53,13,early,0.53125,0.34375,8.28125,7.9375,
53,14,early,0.0,0.34375,8.28125,7.9375,
53,15,early,0.0,0.34375,8.28125,7.9375,
53,16,early,0.0,0.34375,8.28125,7.9375,
53,17,mid,0.0,0.34375,8.28125,7.9375,
53,18,mid,0.0,0.34375,8.28125,7.9375,
53,19,mid,0.0,0.34375,8.28125,7.9375,
53,20,mid,0.0,0.34375,8.28125,7.9375,
53,21,mid,0.0,0.34375,8.28125,7.9375,
53,22,mid,0.84375,1.1875,9.125,7.9375,
53,23,late,-0.9957304000854492,0.19176959991455078,8.12926959991455,7.9375,
53,24,late,0.1879949569702148,0.37976455688476557,8.317264556884766,7.9375,
53,25,late,-0.6875,-0.30773544311523443,7.629764556884766,7.9375,
54,10,early,0.0,0.0,4.125,4.125,
54,11,early,0.0,0.0,4.125,4.125,
54,12,early,1.3125,1.3125,5.4375,4.125,
54,13,early,-0.375,0.9375,5.0625,4.125,
54,14,early,0.0,0.9375,5.0625,4.125,
54,15,early,0.0,0.9375,5.0625,4.125,
54,16,early,0.0,0.9375,5.0625,4.125,
54,17,mid,0.0,0.9375,5.0625,4.125,
54,18,mid,0.0,0.9375,5.0625,4.125,
54,19,mid,0.0,0.9375,5.0625,4.125,
54,20,mid,0.0,0.9375,5.0625,4.125,
54,21,mid,0.0,0.9375,5.0625,4.125,
54,22,mid,2.375,3.3125,7.4375,4.125,
54,23,late,7.355312347412109,10.66781234741211,14.79281234741211,4.125,
54,24,late,0.4174346923828125,11.085247039794922,15.210247039794922,4.125,
54,25,late,4.6875,15.772747039794922,19.897747039794922,4.125,
55,10,early,0.0,0.0,2.125,2.125,
55,11,early,0.0,0.0,2.125,2.125,
55,12,early,0.3125,0.3125,2.4375,2.125,
55,13,early,-0.5,-0.1875,1.9375,2.125,
55,14,early,0.0,-0.1875,1.9375,2.125,
55,15,early,0.0,-0.1875,1.9375,2.125,
55,16,early,0.0,-0.1875,1.9375,2.125,
55,17,mid,0.0,-0.1875,1.9375,2.125,
55,18,mid,0.0,-0.1875,1.9375,2.125,
55,19,mid,0.0,-0.1875,1.9375,2.125,
55,20,mid,0.0,-0.1875,1.9375,2.125,
55,21,mid,0.0,-0.1875,1.9375,2.125,
55,22,mid,2.0,1.8125,3.9375,2.125,
55,23,late,7.773874521255493,9.586374521255493,11.711374521255493,2.125,
55,24,late,0.013629913330078125,9.600004434585571,11.725004434585571,2.125,
55,25,late,2.5625,12.162504434585571,14.287504434585571,2.125,
56,10,early,0.0,0.0,3.65625,3.65625,
56,11,early,0.0,0.0,3.65625,3.65625,
56,12,early,0.625,0.625,4.28125,3.65625,
56,13,early,0.5625,1.1875,4.84375,3.65625,
56,14,early,0.0,1.1875,4.84375,3.65625,
56,15,early,0.0,1.1875,4.84375,3.65625,
56,16,early,0.0,1.1875,4.84375,3.65625,
56,17,mid,0.0,1.1875,4.84375,3.65625,
56,18,mid,0.0,1.1875,4.84375,3.65625,
56,19,mid,0.0,1.1875,4.84375,3.65625,
56,20,mid,0.0,1.1875,4.84375,3.65625,
56,21,mid,0.0,1.1875,4.84375,3.65625,
56,22,mid,0.75,1.9375,5.59375,3.65625,
56,23,late,-1.8516569137573242,0.08584308624267578,3.742093086242676,3.65625,
56,24,late,1.8920965194702148,1.9779396057128906,5.634189605712891,3.65625,
56,25,late,-2.625,-0.6470603942871094,3.0091896057128906,3.65625,
57,10,early,0.0,0.0,2.25,2.25,
57,11,early,0.0,0.0,2.25,2.25,
57,12,early,0.5625,0.5625,2.8125,2.25,
57,13,early,-1.59375,-1.03125,1.21875,2.25,
57,14,early,0.0,-1.03125,1.21875,2.25,
57,15,early,0.0,-1.03125,1.21875,2.25,
57,16,early,0.0,-1.03125,1.21875,2.25,
57,17,mid,0.0,-1.03125,1.21875,2.25,
57,18,mid,0.0,-1.03125,1.21875,2.25,
57,19,mid,0.0,-1.03125,1.21875,2.25,
57,20,mid,0.0,-1.03125,1.21875,2.25,
57,21,mid,0.0,-1.03125,1.21875,2.25,
57,22,mid,2.625,1.59375,3.84375,2.25,
57,23,late,5.733854293823242,7.327604293823242,9.577604293823242,2.25,
57,24,late,-1.082869529724121,6.244734764099121,8.494734764099121,2.25,
57,25,late,3.9375,10.182234764099121,12.432234764099121,2.25,
58,10,early,0.0,0.0,3.875,3.875,
58,11,early,0.0,0.0,3.875,3.875,
58,12,early,0.25,0.25,4.125,3.875,
58,13,early,0.0625,0.3125,4.1875,3.875,
58,14,early,0.0,0.3125,4.1875,3.875,
58,15,early,0.0,0.3125,4.1875,3.875,
58,16,early,0.0,0.3125,4.1875,3.875,
58,17,mid,0.0,0.3125,4.1875,3.875,
58,18,mid,0.0,0.3125,4.1875,3.875,
58,19,mid,0.0,0.3125,4.1875,3.875,
58,20,mid,0.0,0.3125,4.1875,3.875,
58,21,mid,0.0,0.3125,4.1875,3.875,
58,22,mid,2.9375,3.25,7.125,3.875,
58,23,late,7.296844482421875,10.546844482421875,14.421844482421875,3.875,
58,24,late,5.05384373664856,15.600688219070435,19.475688219070435,3.875,
58,25,late,5.5625,21.163188219070435,25.038188219070435,3.875,
59,10,early,0.0,0.0,2.6875,2.6875,
59,11,early,0.0,0.0,2.6875,2.6875,
59,12,early,-0.40625,-0.40625,2.28125,2.6875,
59,13,early,1.0,0.59375,3.28125,2.6875,
59,14,early,0.0,0.59375,3.28125,2.6875,
59,15,early,0.0,0.59375,3.28125,2.6875,
59,16,early,0.0,0.59375,3.28125,2.6875,
59,17,mid,0.0,0.59375,3.28125,2.6875,
59,18,mid,0.0,0.59375,3.28125,2.6875,
59,19,mid,0.0,0.59375,3.28125,2.6875,
59,20,mid,0.0,0.59375,3.28125,2.6875,
59,21,mid,0.0,0.59375,3.28125,2.6875,
59,22,mid,1.4375,2.03125,4.71875,2.6875,
59,23,late,-0.42832207679748535,1.6029279232025146,4.290427923202515,2.6875,
59,24,late,3.856300115585327,5.459228038787842,8.146728038787842,2.6875,
59,25,late,-1.125,4.334228038787842,7.021728038787842,2.6875,
60,10,early,0.0,0.0,5.21875,5.21875,
60,11,early,0.0,0.0,5.21875,5.21875,
60,12,early,2.9375,2.9375,8.15625,5.21875,
60,13,early,0.0,2.9375,8.15625,5.21875,
60,14,early,0.0,2.9375,8.15625,5.21875,
60,15,early,0.0,2.9375,8.15625,5.21875,
60,16,early,0.0,2.9375,8.15625,5.21875,
60,17,mid,0.0,2.9375,8.15625,5.21875,
60,18,mid,0.0,2.9375,8.15625,5.21875,
60,19,mid,0.0,2.9375,8.15625,5.21875,
60,20,mid,0.0,2.9375,8.15625,5.21875,
60,21,mid,0.0,2.9375,8.15625,5.21875,
60,22,mid,0.625,3.5625,8.78125,5.21875,
60,23,late,1.5813417434692383,5.143841743469238,10.362591743469238,5.21875,
60,24,late,-1.0562043190002441,4.087637424468994,9.306387424468994,5.21875,
60,25,late,3.46875,7.556387424468994,12.775137424468994,5.21875,
61,10,early,0.0,0.0,7.0,7.0,
61,11,early,0.0,0.0,7.0,7.0,
61,12,early,0.84375,0.84375,7.84375,7.0,
61,13,early,1.1875,2.03125,9.03125,7.0,
61,14,early,0.0,2.03125,9.03125,7.0,
61,15,early,0.0,2.03125,9.03125,7.0,
61,16,early,0.0,2.03125,9.03125,7.0,
61,17,mid,0.0,2.03125,9.03125,7.0,
61,18,mid,0.0,2.03125,9.03125,7.0,
61,19,mid,0.0,2.03125,9.03125,7.0,
61,20,mid,0.0,2.03125,9.03125,7.0,
61,21,mid,0.0,2.03125,9.03125,7.0,
61,22,mid,0.15625,2.1875,9.1875,7.0,
61,23,late,5.541117191314697,7.728617191314697,14.728617191314697,7.0,
61,24,late,2.52329158782959,10.251908779144287,17.251908779144287,7.0,
61,25,late,6.375,16.626908779144287,23.626908779144287,7.0,
62,10,early,0.0,0.0,6.0,6.0,
62,11,early,0.0,0.0,6.0,6.0,
62,12,early,-0.375,-0.375,5.625,6.0,
62,13,early,0.0,-0.375,5.625,6.0,
62,14,early,0.0,-0.375,5.625,6.0,
62,15,early,0.0,-0.375,5.625,6.0,
62,16,early,0.0,-0.375,5.625,6.0,
62,17,mid,0.0,-0.375,5.625,6.0,
62,18,mid,0.0,-0.375,5.625,6.0,
62,19,mid,0.0,-0.375,5.625,6.0,
62,20,mid,0.0,-0.375,5.625,6.0,
62,21,mid,0.0,-0.375,5.625,6.0,
62,22,mid,-0.21875,-0.59375,5.40625,6.0,
62,23,late,0.26073169708251953,-0.33301830291748047,5.6669816970825195,6.0,
62,24,late,-0.2001972198486328,-0.5332155227661133,5.466784477233887,6.0,
62,25,late,-0.0625,-0.5957155227661133,5.404284477233887,6.0,
63,10,early,0.0,0.0,7.1875,7.1875,
63,11,early,0.0,0.0,7.1875,7.1875,
63,12,early,1.3125,1.3125,8.5,7.1875,
63,13,early,-0.4375,0.875,8.0625,7.1875,
63,14,early,0.0,0.875,8.0625,7.1875,
63,15,early,0.0,0.875,8.0625,7.1875,
63,16,early,0.0,0.875,8.0625,7.1875,
63,17,mid,0.0,0.875,8.0625,7.1875,
63,18,mid,0.0,0.875,8.0625,7.1875,
63,19,mid,0.0,0.875,8.0625,7.1875,
63,20,mid,0.0,0.875,8.0625,7.1875,
63,21,mid,0.0,0.875,8.0625,7.1875,
63,22,mid,0.875,1.75,8.9375,7.1875,
63,23,late,0.7893252372741699,2.53932523727417,9.72682523727417,7.1875,
63,24,late,-1.1942410469055176,1.3450841903686523,8.532584190368652,7.1875,
63,25,late,5.125,6.470084190368652,13.657584190368652,7.1875,
64,10,early,0.0,0.0,6.625,6.625,
64,11,early,0.0,0.0,6.625,6.625,
64,12,early,1.03125,1.03125,7.65625,6.625,
64,13,early,-0.40625,0.625,7.25,6.625,
64,14,early,0.0,0.625,7.25,6.625,
64,15,early,0.0,0.625,7.25,6.625,
64,16,early,0.0,0.625,7.25,6.625,
64,17,mid,0.0,0.625,7.25,6.625,
64,18,mid,0.0,0.625,7.25,6.625,
64,19,mid,0.0,0.625,7.25,6.625,
64,20,mid,0.0,0.625,7.25,6.625,
64,21,mid,0.0,0.625,7.25,6.625,
64,22,mid,0.5625,1.1875,7.8125,6.625,
64,23,late,4.847980976104736,6.035480976104736,12.660480976104736,6.625,
64,24,late,2.139634609222412,8.175115585327148,14.800115585327148,6.625,
64,25,late,5.0,13.175115585327148,19.80011558532715,6.625,
65,10,early,0.0,0.0,7.8125,7.8125,
65,11,early,0.0,0.0,7.8125,7.8125,
65,12,early,-0.3125,-0.3125,7.5,7.8125,
65,13,early,0.53125,0.21875,8.03125,7.8125,
65,14,early,0.0,0.21875,8.03125,7.8125,
65,15,early,0.0,0.21875,8.03125,7.8125,
65,16,early,0.0,0.21875,8.03125,7.8125,
65,17,mid,0.0,0.21875,8.03125,7.8125,
65,18,mid,0.0,0.21875,8.03125,7.8125,
65,19,mid,0.0,0.21875,8.03125,7.8125,
65,20,mid,0.0,0.21875,8.03125,7.8125,
65,21,mid,0.0,0.21875,8.03125,7.8125,
65,22,mid,1.3125,1.53125,9.34375,7.8125,
65,23,late,2.3773088455200195,3.9085588455200195,11.72105884552002,7.8125,
65,24,late,0.8501725196838379,4.758731365203857,12.571231365203857,7.8125,
65,25,late,-0.46875,4.289981365203857,12.102481365203857,7.8125,
66,10,early,0.0,0.0,-0.375,-0.375,12.0
66,11,early,0.0,0.0,-0.375,-0.375,12.0
66,12,early,1.0,1.0,0.625,-0.375,12.0
66,13,early,-0.25,0.75,0.375,-0.375,12.0
66,14,early,0.0,0.75,0.375,-0.375,12.0
66,15,early,0.0,0.75,0.375,-0.375,12.0
66,16,early,0.0,0.75,0.375,-0.375,12.0
66,17,mid,0.0,0.75,0.375,-0.375,12.0
66,18,mid,0.0,0.75,0.375,-0.375,12.0
66,19,mid,0.0,0.75,0.375,-0.375,12.0
66,20,mid,0.0,0.75,0.375,-0.375,12.0
66,21,mid,0.0,0.75,0.375,-0.375,12.0
66,22,mid,0.8125,1.5625,1.1875,-0.375,12.0
66,23,late,9.1238431930542,10.6863431930542,10.3113431930542,-0.375,12.0
66,24,late,5.258352041244507,15.944695234298706,15.569695234298706,-0.375,12.0
66,25,late,5.5,21.444695234298706,21.069695234298706,-0.375,12.0
67,10,early,0.0,0.0,-1.875,-1.875,23.0
67,11,early,0.0,0.0,-1.875,-1.875,23.0
67,12,early,-0.25,-0.25,-2.125,-1.875,23.0
67,13,early,-0.875,-1.125,-3.0,-1.875,23.0
67,14,early,0.0,-1.125,-3.0,-1.875,23.0
67,15,early,0.0,-1.125,-3.0,-1.875,23.0
67,16,early,0.0,-1.125,-3.0,-1.875,23.0
67,17,mid,0.0,-1.125,-3.0,-1.875,23.0
67,18,mid,0.0,-1.125,-3.0,-1.875,23.0
67,19,mid,0.0,-1.125,-3.0,-1.875,23.0
67,20,mid,0.0,-1.125,-3.0,-1.875,23.0
67,21,mid,0.0,-1.125,-3.0,-1.875,23.0
67,22,mid,-0.375,-1.5,-3.375,-1.875,23.0
67,23,late,8.51029109954834,7.01029109954834,5.13529109954834,-1.875,23.0
67,24,late,2.318148612976074,9.328439712524414,7.453439712524414,-1.875,23.0
67,25,late,3.3125,12.640939712524414,10.765939712524414,-1.875,23.0
68,10,early,0.0,0.0,1.96875,1.96875,
68,11,early,0.0,0.0,1.96875,1.96875,
68,12,early,0.21875,0.21875,2.1875,1.96875,
68,13,early,0.8125,1.03125,3.0,1.96875,
68,14,early,0.0,1.03125,3.0,1.96875,
68,15,early,0.0,1.03125,3.0,1.96875,
68,16,early,0.0,1.03125,3.0,1.96875,
68,17,mid,0.0,1.03125,3.0,1.96875,
68,18,mid,0.0,1.03125,3.0,1.96875,
68,19,mid,0.0,1.03125,3.0,1.96875,
68,20,mid,0.0,1.03125,3.0,1.96875,
68,21,mid,0.0,1.03125,3.0,1.96875,
68,22,mid,0.375,1.40625,3.375,1.96875,
68,23,late,-2.2669477462768555,-0.8606977462768555,1.1080522537231445,1.96875,
68,24,late,-0.4345521926879885,-1.295249938964844,0.673500061035156,1.96875,
68,25,late,-0.65625,-1.951499938964844,0.017250061035156028,1.96875,
69,10,early,0.0,0.0,-1.9375,-1.9375,23.0
69,11,early,0.0,0.0,-1.9375,-1.9375,23.0
69,12,early,0.3125,0.3125,-1.625,-1.9375,23.0
69,13,early,-1.9375,-1.625,-3.5625,-1.9375,23.0
69,14,early,0.0,-1.625,-3.5625,-1.9375,23.0
69,15,early,0.0,-1.625,-3.5625,-1.9375,23.0
69,16,early,0.0,-1.625,-3.5625,-1.9375,23.0
69,17,mid,0.0,-1.625,-3.5625,-1.9375,23.0
69,18,mid,0.0,-1.625,-3.5625,-1.9375,23.0
69,19,mid,0.0,-1.625,-3.5625,-1.9375,23.0
69,20,mid,0.0,-1.625,-3.5625,-1.9375,23.0
69,21,mid,0.0,-1.625,-3.5625,-1.9375,23.0
69,22,mid,0.6875,-0.9375,-2.875,-1.9375,23.0
69,23,late,3.272322654724121,2.334822654724121,0.3973226547241211,-1.9375,23.0
69,24,late,-0.8708162307739258,1.4640064239501953,-0.4734935760498047,-1.9375,23.0
69,25,late,3.125,4.589006423950195,2.6515064239501953,-1.9375,23.0
70,10,early,0.0,0.0,0.375,0.375,
70,11,early,0.0,0.0,0.375,0.375,
70,12,early,0.5625,0.5625,0.9375,0.375,
70,13,early,0.3125,0.875,1.25,0.375,
70,14,early,0.0,0.875,1.25,0.375,
70,15,early,0.0,0.875,1.25,0.375,
70,16,early,0.0,0.875,1.25,0.375,
70,17,mid,0.0,0.875,1.25,0.375,
70,18,mid,0.0,0.875,1.25,0.375,
70,19,mid,0.0,0.875,1.25,0.375,
70,20,mid,0.0,0.875,1.25,0.375,
70,21,mid,0.0,0.875,1.25,0.375,
70,22,mid,1.0625,1.9375,2.3125,0.375,
70,23,late,7.553917169570923,9.491417169570923,9.866417169570923,0.375,
70,24,late,2.524233818054199,12.015650987625122,12.390650987625122,0.375,
70,25,late,6.8125,18.828150987625122,19.203150987625122,0.375,
71,10,early,0.0,0.0,-0.1875,-0.1875,
71,11,early,0.0,0.0,-0.1875,-0.1875,
71,12,early,-0.65625,-0.65625,-0.84375,-0.1875,
71,13,early,0.0625,-0.59375,-0.78125,-0.1875,
71,14,early,0.0,-0.59375,-0.78125,-0.1875,
71,15,early,0.0,-0.59375,-0.78125,-0.1875,
71,16,early,0.0,-0.59375,-0.78125,-0.1875,
71,17,mid,0.0,-0.59375,-0.78125,-0.1875,
71,18,mid,0.0,-0.59375,-0.78125,-0.1875,
71,19,mid,0.0,-0.59375,-0.78125,-0.1875,
71,20,mid,0.0,-0.59375,-0.78125,-0.1875,
71,21,mid,0.0,-0.59375,-0.78125,-0.1875,
71,22,mid,0.46875,-0.125,-0.3125,-0.1875,
71,23,late,-3.0778017044067383,-3.2028017044067383,-3.3903017044067383,-0.1875,
71,24,late,2.64202880859375,-0.5607728958129883,-0.7482728958129883,-0.1875,
71,25,late,-1.0,-1.5607728958129883,-1.7482728958129883,-0.1875,
72,10,early,0.0,0.0,2.0625,2.0625,24.0
72,11,early,0.0,0.0,2.0625,2.0625,24.0
72,12,early,2.4375,2.4375,4.5,2.0625,24.0
72,13,early,0.0625,2.5,4.5625,2.0625,24.0
72,14,early,0.0,2.5,4.5625,2.0625,24.0
72,15,early,0.0,2.5,4.5625,2.0625,24.0
72,16,early,0.0,2.5,4.5625,2.0625,24.0
72,17,mid,0.0,2.5,4.5625,2.0625,24.0
72,18,mid,0.0,2.5,4.5625,2.0625,24.0
72,19,mid,0.0,2.5,4.5625,2.0625,24.0
72,20,mid,0.0,2.5,4.5625,2.0625,24.0
72,21,mid,0.0,2.5,4.5625,2.0625,24.0
72,22,mid,-1.0625,1.4375,3.5,2.0625,24.0
72,23,late,-2.7026119232177734,-1.2651119232177734,0.7973880767822266,2.0625,24.0
72,24,late,-1.3661775588989258,-2.631289482116699,-0.5687894821166992,2.0625,24.0
72,25,late,7.6875,5.056210517883301,7.118710517883301,2.0625,24.0
73,10,early,0.0,0.0,5.0625,5.0625,
73,11,early,0.0,0.0,5.0625,5.0625,
73,12,early,1.4375,1.4375,6.5,5.0625,
73,13,early,1.375,2.8125,7.875,5.0625,
73,14,early,0.0,2.8125,7.875,5.0625,
73,15,early,0.0,2.8125,7.875,5.0625,
73,16,early,0.0,2.8125,7.875,5.0625,
73,17,mid,0.0,2.8125,7.875,5.0625,
73,18,mid,0.0,2.8125,7.875,5.0625,
73,19,mid,0.0,2.8125,7.875,5.0625,
73,20,mid,0.0,2.8125,7.875,5.0625,
73,21,mid,0.0,2.8125,7.875,5.0625,
73,22,mid,-0.4375,2.375,7.4375,5.0625,
73,23,late,-0.7599635124206543,1.6150364875793457,6.677536487579346,5.0625,
73,24,late,-3.2230052947998047,-1.607968807220459,3.454531192779541,5.0625,
73,25,late,-1.75,-3.357968807220459,1.704531192779541,5.0625,
74,10,early,0.0,0.0,4.625,4.625,
74,11,early,0.0,0.0,4.625,4.625,
74,12,early,3.4375,3.4375,8.0625,4.625,
74,13,early,-0.375,3.0625,7.6875,4.625,
74,14,early,0.0,3.0625,7.6875,4.625,
74,15,early,0.0,3.0625,7.6875,4.625,
74,16,early,0.0,3.0625,7.6875,4.625,
74,17,mid,0.0,3.0625,7.6875,4.625,
74,18,mid,0.0,3.0625,7.6875,4.625,
74,19,mid,0.0,3.0625,7.6875,4.625,
74,20,mid,0.0,3.0625,7.6875,4.625,
74,21,mid,0.0,3.0625,7.6875,4.625,
74,22,mid,1.53125,4.59375,9.21875,4.625,
74,23,late,2.9175338745117188,7.511283874511719,12.136283874511719,4.625,
74,24,late,0.6287484169006347,8.140032291412354,12.765032291412354,4.625,
74,25,late,11.0,19.140032291412354,23.765032291412354,4.625,
75,10,early,0.0,0.0,6.0,6.0,
75,11,early,0.0,0.0,6.0,6.0,
75,12,early,0.53125,0.53125,6.53125,6.0,
75,13,early,1.5625,2.09375,8.09375,6.0,
75,14,early,0.0,2.09375,8.09375,6.0,
75,15,early,0.0,2.09375,8.09375,6.0,
75,16,early,0.0,2.09375,8.09375,6.0,
75,17,mid,0.0,2.09375,8.09375,6.0,
75,18,mid,0.0,2.09375,8.09375,6.0,
75,19,mid,0.0,2.09375,8.09375,6.0,
75,20,mid,0.0,2.09375,8.09375,6.0,
75,21,mid,0.0,2.09375,8.09375,6.0,
75,22,mid,-0.125,1.96875,7.96875,6.0,
75,23,late,-1.4195890426635742,0.5491609573364258,6.549160957336426,6.0,
75,24,late,-3.8103270530700684,-3.2611660957336426,2.7388339042663574,6.0,
75,25,late,-1.25,-4.511166095733643,1.4888339042663574,6.0,
76,10,early,0.0,0.0,2.5,2.5,
76,11,early,0.0,0.0,2.5,2.5,
76,12,early,1.1875,1.1875,3.6875,2.5,
76,13,early,-0.375,0.8125,3.3125,2.5,
76,14,early,0.0,0.8125,3.3125,2.5,
76,15,early,0.0,0.8125,3.3125,2.5,
76,16,early,0.0,0.8125,3.3125,2.5,
76,17,mid,0.0,0.8125,3.3125,2.5,
76,18,mid,0.0,0.8125,3.3125,2.5,
76,19,mid,0.0,0.8125,3.3125,2.5,
76,20,mid,0.0,0.8125,3.3125,2.5,
76,21,mid,0.0,0.8125,3.3125,2.5,
76,22,mid,0.3125,1.125,3.625,2.5,
76,23,late,3.8490047454833984,4.974004745483398,7.474004745483398,2.5,
76,24,late,1.5353450775146484,6.509349822998047,9.009349822998047,2.5,
76,25,late,8.6875,15.196849822998047,17.696849822998047,2.5,
77,10,early,0.0,0.0,5.4375,5.4375,
77,11,early,0.0,0.0,5.4375,5.4375,
77,12,early,-1.8125,-1.8125,3.625,5.4375,
77,13,early,1.21875,-0.59375,4.84375,5.4375,
77,14,early,0.0,-0.59375,4.84375,5.4375,
77,15,early,0.0,-0.59375,4.84375,5.4375,
77,16,early,0.0,-0.59375,4.84375,5.4375,
77,17,mid,0.0,-0.59375,4.84375,5.4375,
77,18,mid,0.0,-0.59375,4.84375,5.4375,
77,19,mid,0.0,-0.59375,4.84375,5.4375,
77,20,mid,0.0,-0.59375,4.84375,5.4375,
77,21,mid,0.0,-0.59375,4.84375,5.4375,
77,22,mid,2.375,1.78125,7.21875,5.4375,
77,23,late,-0.028962612152099595,1.7522873878479004,7.1897873878479,5.4375,
77,24,late,-1.263608455657959,0.4886789321899414,5.926178932189941,5.4375,
77,25,late,-0.625,-0.1363210678100586,5.301178932189941,5.4375,
78,10,early,0.0,0.0,-3.9375,-3.9375,24.0
78,11,early,0.0,0.0,-3.9375,-3.9375,24.0
78,12,early,-0.125,-0.125,-4.0625,-3.9375,24.0
78,13,early,0.125,0.0,-3.9375,-3.9375,24.0
78,14,early,0.0,0.0,-3.9375,-3.9375,24.0
78,15,early,0.0,0.0,-3.9375,-3.9375,24.0
78,16,early,0.0,0.0,-3.9375,-3.9375,24.0
78,17,mid,0.0,0.0,-3.9375,-3.9375,24.0
78,18,mid,0.0,0.0,-3.9375,-3.9375,24.0
78,19,mid,0.0,0.0,-3.9375,-3.9375,24.0
78,20,mid,0.0,0.0,-3.9375,-3.9375,24.0
78,21,mid,0.0,0.0,-3.9375,-3.9375,24.0
78,22,mid,-0.125,-0.125,-4.0625,-3.9375,24.0
78,23,late,3.327123641967773,3.202123641967773,-0.735376358032227,-3.9375,24.0
78,24,late,2.1071557998657227,5.309279441833496,1.371779441833496,-3.9375,24.0
78,25,late,2.5625,7.871779441833496,3.934279441833496,-3.9375,24.0
79,10,early,0.0,0.0,-2.0625,-2.0625,23.0
79,11,early,0.0,0.0,-2.0625,-2.0625,23.0
79,12,early,0.5625,0.5625,-1.5,-2.0625,23.0
79,13,early,-0.1875,0.375,-1.6875,-2.0625,23.0
79,14,early,0.0,0.375,-1.6875,-2.0625,23.0
79,15,early,0.0,0.375,-1.6875,-2.0625,23.0
79,16,early,0.0,0.375,-1.6875,-2.0625,23.0
79,17,mid,0.0,0.375,-1.6875,-2.0625,23.0
79,18,mid,0.0,0.375,-1.6875,-2.0625,23.0
79,19,mid,0.0,0.375,-1.6875,-2.0625,23.0
79,20,mid,0.0,0.375,-1.6875,-2.0625,23.0
79,21,mid,0.0,0.375,-1.6875,-2.0625,23.0
79,22,mid,0.25,0.625,-1.4375,-2.0625,23.0
79,23,late,3.8169808387756348,4.441980838775635,2.3794808387756348,-2.0625,23.0
79,24,late,-0.6743416786193848,3.76763916015625,1.70513916015625,-2.0625,23.0
79,25,late,1.1875,4.95513916015625,2.89263916015625,-2.0625,23.0
80,10,early,0.0,0.0,-4.75,-4.75,
80,11,early,0.0,0.0,-4.75,-4.75,
80,12,early,-0.0625,-0.0625,-4.8125,-4.75,
80,13,early,-0.5,-0.5625,-5.3125,-4.75,
80,14,early,0.0,-0.5625,-5.3125,-4.75,
80,15,early,0.0,-0.5625,-5.3125,-4.75,
80,16,early,0.0,-0.5625,-5.3125,-4.75,
80,17,mid,0.0,-0.5625,-5.3125,-4.75,
80,18,mid,0.0,-0.5625,-5.3125,-4.75,
80,19,mid,0.0,-0.5625,-5.3125,-4.75,
80,20,mid,0.0,-0.5625,-5.3125,-4.75,
80,21,mid,0.0,-0.5625,-5.3125,-4.75,
80,22,mid,0.3125,-0.25,-5.0,-4.75,
80,23,late,0.9655437469482422,0.7155437469482422,-4.034456253051758,-4.75,
80,24,late,-1.027049541473389,-0.3115057945251467,-5.0615057945251465,-4.75,
80,25,late,1.0,0.6884942054748533,-4.0615057945251465,-4.75,
81,10,early,0.0,0.0,-2.6875,-2.6875,23.0
81,11,early,0.0,0.0,-2.6875,-2.6875,23.0
81,12,early,0.375,0.375,-2.3125,-2.6875,23.0
81,13,early,-0.0625,0.3125,-2.375,-2.6875,23.0
81,14,early,0.0,0.3125,-2.375,-2.6875,23.0
81,15,early,0.0,0.3125,-2.375,-2.6875,23.0
81,16,early,0.0,0.3125,-2.375,-2.6875,23.0
81,17,mid,0.0,0.3125,-2.375,-2.6875,23.0
81,18,mid,0.0,0.3125,-2.375,-2.6875,23.0
81,19,mid,0.0,0.3125,-2.375,-2.6875,23.0
81,20,mid,0.0,0.3125,-2.375,-2.6875,23.0
81,21,mid,0.0,0.3125,-2.375,-2.6875,23.0
81,22,mid,-0.6875,-0.375,-3.0625,-2.6875,23.0
81,23,late,4.125450134277344,3.7504501342773438,1.0629501342773438,-2.6875,23.0
81,24,late,0.6349501609802246,4.385400295257568,1.6979002952575684,-2.6875,23.0
81,25,late,2.0,6.385400295257568,3.6979002952575684,-2.6875,23.0
82,10,early,0.0,0.0,-4.125,-4.125,24.0
82,11,early,0.0,0.0,-4.125,-4.125,24.0
82,12,early,-0.75,-0.75,-4.875,-4.125,24.0
82,13,early,-0.125,-0.875,-5.0,-4.125,24.0
82,14,early,0.0,-0.875,-5.0,-4.125,24.0
82,15,early,0.0,-0.875,-5.0,-4.125,24.0
82,16,early,0.0,-0.875,-5.0,-4.125,24.0
82,17,mid,0.0,-0.875,-5.0,-4.125,24.0
82,18,mid,0.0,-0.875,-5.0,-4.125,24.0
82,19,mid,0.0,-0.875,-5.0,-4.125,24.0
82,20,mid,0.0,-0.875,-5.0,-4.125,24.0
82,21,mid,0.0,-0.875,-5.0,-4.125,24.0
82,22,mid,0.625,-0.25,-4.375,-4.125,24.0
82,23,late,1.1594557762145996,0.9094557762145996,-3.2155442237854004,-4.125,24.0
82,24,late,4.4778923988342285,5.387348175048828,1.2623481750488281,-4.125,24.0
82,25,late,5.125,10.512348175048828,6.387348175048828,-4.125,24.0
83,10,early,0.0,0.0,-2.4375,-2.4375,24.0
83,11,early,0.0,0.0,-2.4375,-2.4375,24.0
83,12,early,0.0625,0.0625,-2.375,-2.4375,24.0
83,13,early,0.375,0.4375,-2.0,-2.4375,24.0
83,14,early,0.0,0.4375,-2.0,-2.4375,24.0
83,15,early,0.0,0.4375,-2.0,-2.4375,24.0
83,16,early,0.0,0.4375,-2.0,-2.4375,24.0
83,17,mid,0.0,0.4375,-2.0,-2.4375,24.0
83,18,mid,0.0,0.4375,-2.0,-2.4375,24.0
83,19,mid,0.0,0.4375,-2.0,-2.4375,24.0
83,20,mid,0.0,0.4375,-2.0,-2.4375,24.0
83,21,mid,0.0,0.4375,-2.0,-2.4375,24.0
83,22,mid,0.625,1.0625,-1.375,-2.4375,24.0
83,23,late,0.3073244094848633,1.3698244094848633,-1.0676755905151367,-2.4375,24.0
83,24,late,1.1439075469970703,2.5137319564819336,0.0762319564819336,-2.4375,24.0
83,25,late,1.75,4.263731956481934,1.8262319564819336,-2.4375,24.0
84,10,early,0.0,0.0,3.0625,3.0625,
84,11,early,0.0,0.0,3.0625,3.0625,
84,12,early,1.1875,1.1875,4.25,3.0625,
84,13,early,-1.03125,0.15625,3.21875,3.0625,
84,14,early,0.0,0.15625,3.21875,3.0625,
84,15,early,0.0,0.15625,3.21875,3.0625,
84,16,early,0.0,0.15625,3.21875,3.0625,
84,17,mid,0.0,0.15625,3.21875,3.0625,
84,18,mid,0.0,0.15625,3.21875,3.0625,
84,19,mid,0.0,0.15625,3.21875,3.0625,
84,20,mid,0.0,0.15625,3.21875,3.0625,
84,21,mid,0.0,0.15625,3.21875,3.0625,
84,22,mid,1.375,1.53125,4.59375,3.0625,
84,23,late,1.4206504821777344,2.9519004821777344,6.014400482177734,3.0625,
84,24,late,0.0818014144897461,3.0337018966674805,6.0962018966674805,3.0625,
84,25,late,3.1875,6.2212018966674805,9.28370189666748,3.0625,
85,10,early,0.0,0.0,4.625,4.625,
85,11,early,0.0,0.0,4.625,4.625,
85,12,early,0.375,0.375,5.0,4.625,
85,13,early,0.5625,0.9375,5.5625,4.625,
85,14,early,0.0,0.9375,5.5625,4.625,
85,15,early,0.0,0.9375,5.5625,4.625,
85,16,early,0.0,0.9375,5.5625,4.625,
85,17,mid,0.0,0.9375,5.5625,4.625,
85,18,mid,0.0,0.9375,5.5625,4.625,
85,19,mid,0.0,0.9375,5.5625,4.625,
85,20,mid,0.0,0.9375,5.5625,4.625,
85,21,mid,0.0,0.9375,5.5625,4.625,
85,22,mid,1.1875,2.125,6.75,4.625,
85,23,late,6.19527530670166,8.32027530670166,12.94527530670166,4.625,
85,24,late,4.230247497558594,12.550522804260254,17.175522804260254,4.625,
85,25,late,5.875,18.425522804260254,23.050522804260254,4.625,
86,10,early,0.0,0.0,2.8125,2.8125,23.0
86,11,early,0.0,0.0,2.8125,2.8125,23.0
86,12,early,-2.375,-2.375,0.4375,2.8125,23.0
86,13,early,-0.3125,-2.6875,0.125,2.8125,23.0
86,14,early,0.0,-2.6875,0.125,2.8125,23.0
86,15,early,0.0,-2.6875,0.125,2.8125,23.0
86,16,early,0.0,-2.6875,0.125,2.8125,23.0
86,17,mid,0.0,-2.6875,0.125,2.8125,23.0
86,18,mid,0.0,-2.6875,0.125,2.8125,23.0
86,19,mid,0.0,-2.6875,0.125,2.8125,23.0
86,20,mid,0.0,-2.6875,0.125,2.8125,23.0
86,21,mid,0.0,-2.6875,0.125,2.8125,23.0
86,22,mid,0.0625,-2.625,0.1875,2.8125,23.0
86,23,late,-3.764437675476074,-6.389437675476074,-3.576937675476074,2.8125,23.0
86,24,late,-1.7709455490112305,-8.160383224487305,-5.347883224487305,2.8125,23.0
86,25,late,2.0,-6.160383224487305,-3.3478832244873047,2.8125,23.0
87,10,early,0.0,0.0,3.46875,3.46875,
87,11,early,0.0,0.0,3.46875,3.46875,
87,12,early,0.53125,0.53125,4.0,3.46875,
87,13,early,0.84375,1.375,4.84375,3.46875,
87,14,early,0.0,1.375,4.84375,3.46875,
87,15,early,0.0,1.375,4.84375,3.46875,
87,16,early,0.0,1.375,4.84375,3.46875,
87,17,mid,0.0,1.375,4.84375,3.46875,
87,18,mid,0.0,1.375,4.84375,3.46875,
87,19,mid,0.0,1.375,4.84375,3.46875,
87,20,mid,0.0,1.375,4.84375,3.46875,
87,21,mid,0.0,1.375,4.84375,3.46875,
87,22,mid,1.25,2.625,6.09375,3.46875,
87,23,late,-1.997535228729248,0.627464771270752,4.096214771270752,3.46875,
87,24,late,-1.904550552368164,-1.277085781097412,2.191664218902588,3.46875,
87,25,late,0.0,-1.277085781097412,2.191664218902588,3.46875,
88,10,early,0.0,0.0,4.09375,4.09375,
88,11,early,0.0,0.0,4.09375,4.09375,
88,12,early,0.96875,0.96875,5.0625,4.09375,
88,13,early,-0.375,0.59375,4.6875,4.09375,
88,14,early,0.0,0.59375,4.6875,4.09375,
88,15,early,0.0,0.59375,4.6875,4.09375,
88,16,early,0.0,0.59375,4.6875,4.09375,
88,17,mid,0.0,0.59375,4.6875,4.09375,
88,18,mid,0.0,0.59375,4.6875,4.09375,
88,19,mid,0.0,0.59375,4.6875,4.09375,
88,20,mid,0.0,0.59375,4.6875,4.09375,
88,21,mid,0.0,0.59375,4.6875,4.09375,
88,22,mid,1.15625,1.75,5.84375,4.09375,
88,23,late,2.237152099609375,3.987152099609375,8.080902099609375,4.09375,
88,24,late,0.0572233200073243,4.044375419616699,8.1381254196167,4.09375,
88,25,late,2.75,6.794375419616699,10.8881254196167,4.09375,
89,10,early,0.0,0.0,3.1875,3.1875,
89,11,early,0.0,0.0,3.1875,3.1875,
89,12,early,0.1875,0.1875,3.375,3.1875,
89,13,early,-0.15625,0.03125,3.21875,3.1875,
89,14,early,0.0,0.03125,3.21875,3.1875,
89,15,early,0.0,0.03125,3.21875,3.1875,
89,16,early,0.0,0.03125,3.21875,3.1875,
89,17,mid,0.0,0.03125,3.21875,3.1875,
89,18,mid,0.0,0.03125,3.21875,3.1875,
89,19,mid,0.0,0.03125,3.21875,3.1875,
89,20,mid,0.0,0.03125,3.21875,3.1875,
89,21,mid,0.0,0.03125,3.21875,3.1875,
89,22,mid,0.875,0.90625,4.09375,3.1875,
89,23,late,3.386432647705078,4.292682647705078,7.480182647705078,3.1875,
89,24,late,1.3369126319885254,5.6295952796936035,8.817095279693604,3.1875,
89,25,late,2.625,8.254595279693604,11.442095279693604,3.1875,
90,10,early,0.0,0.0,3.09375,3.09375,
90,11,early,0.0,0.0,3.09375,3.09375,
90,12,early,0.71875,0.71875,3.8125,3.09375,
90,13,early,0.125,0.84375,3.9375,3.09375,
90,14,early,0.0,0.84375,3.9375,3.09375,
90,15,early,0.0,0.84375,3.9375,3.09375,
90,16,early,0.0,0.84375,3.9375,3.09375,
90,17,mid,0.0,0.84375,3.9375,3.09375,
90,18,mid,0.0,0.84375,3.9375,3.09375,
90,19,mid,0.0,0.84375,3.9375,3.09375,
90,20,mid,0.0,0.84375,3.9375,3.09375,
90,21,mid,0.0,0.84375,3.9375,3.09375,
90,22,mid,0.15625,1.0,4.09375,3.09375,
90,23,late,5.936662673950195,6.936662673950195,10.030412673950195,3.09375,
90,24,late,-0.4090633392333985,6.527599334716797,9.621349334716797,3.09375,
90,25,late,3.71875,10.246349334716797,13.340099334716797,3.09375,
91,10,early,0.0,0.0,3.1875,3.1875,
91,11,early,0.0,0.0,3.1875,3.1875,
91,12,early,0.1875,0.1875,3.375,3.1875,
91,13,early,-0.28125,-0.09375,3.09375,3.1875,
91,14,early,0.0,-0.09375,3.09375,3.1875,
91,15,early,0.0,-0.09375,3.09375,3.1875,
91,16,early,0.0,-0.09375,3.09375,3.1875,
91,17,mid,0.0,-0.09375,3.09375,3.1875,
91,18,mid,0.0,-0.09375,3.09375,3.1875,
91,19,mid,0.0,-0.09375,3.09375,3.1875,
91,20,mid,0.0,-0.09375,3.09375,3.1875,
91,21,mid,0.0,-0.09375,3.09375,3.1875,
91,22,mid,0.4375,0.34375,3.53125,3.1875,
91,23,late,4.131469011306763,4.475219011306763,7.662719011306763,3.1875,
91,24,late,0.9904415607452393,5.465660572052002,8.653160572052002,3.1875,
91,25,late,3.65625,9.121910572052002,12.309410572052002,3.1875,
92,10,early,0.0,0.0,1.4375,1.4375,
92,11,early,0.0,0.0,1.4375,1.4375,
92,12,early,0.9375,0.9375,2.375,1.4375,
92,13,early,-0.09375,0.84375,2.28125,1.4375,
92,14,early,0.0,0.84375,2.28125,1.4375,
92,15,early,0.0,0.84375,2.28125,1.4375,
92,16,early,0.0,0.84375,2.28125,1.4375,
92,17,mid,0.0,0.84375,2.28125,1.4375,
92,18,mid,0.0,0.84375,2.28125,1.4375,
92,19,mid,0.0,0.84375,2.28125,1.4375,
92,20,mid,0.0,0.84375,2.28125,1.4375,
92,21,mid,0.0,0.84375,2.28125,1.4375,
92,22,mid,0.5625,1.40625,2.84375,1.4375,
92,23,late,4.666053771972656,6.072303771972656,7.509803771972656,1.4375,
92,24,late,-2.017453193664551,4.0548505783081055,5.4923505783081055,1.4375,
92,25,late,0.3125,4.3673505783081055,5.8048505783081055,1.4375,
93,10,early,0.0,0.0,0.5625,0.5625,
93,11,early,0.0,0.0,0.5625,0.5625,
93,12,early,0.1875,0.1875,0.75,0.5625,
93,13,early,0.25,0.4375,1.0,0.5625,
93,14,early,0.0,0.4375,1.0,0.5625,
93,15,early,0.0,0.4375,1.0,0.5625,
93,16,early,0.0,0.4375,1.0,0.5625,
93,17,mid,0.0,0.4375,1.0,0.5625,
93,18,mid,0.0,0.4375,1.0,0.5625,
93,19,mid,0.0,0.4375,1.0,0.5625,
93,20,mid,0.0,0.4375,1.0,0.5625,
93,21,mid,0.0,0.4375,1.0,0.5625,
93,22,mid,0.625,1.0625,1.625,0.5625,
93,23,late,4.332488059997559,5.394988059997559,5.957488059997559,0.5625,
93,24,late,-3.2847471237182617,2.110240936279297,2.672740936279297,0.5625,
93,25,late,0.9375,3.047740936279297,3.610240936279297,0.5625,
94,10,early,0.0,0.0,3.625,3.625,
94,11,early,0.0,0.0,3.625,3.625,
94,12,early,0.9375,0.9375,4.5625,3.625,
94,13,early,-0.15625,0.78125,4.40625,3.625,
94,14,early,0.0,0.78125,4.40625,3.625,
94,15,early,0.0,0.78125,4.40625,3.625,
94,16,early,0.0,0.78125,4.40625,3.625,
94,17,mid,0.0,0.78125,4.40625,3.625,
94,18,mid,0.0,0.78125,4.40625,3.625,
94,19,mid,0.0,0.78125,4.40625,3.625,
94,20,mid,0.0,0.78125,4.40625,3.625,
94,21,mid,0.0,0.78125,4.40625,3.625,
94,22,mid,0.4375,1.21875,4.84375,3.625,
94,23,late,5.278507232666016,6.497257232666016,10.122257232666016,3.625,
94,24,late,-1.3886146545410156,5.108642578125,8.733642578125,3.625,
94,25,late,2.65625,7.764892578125,11.389892578125,3.625,
95,10,early,0.0,0.0,5.28125,5.28125,
95,11,early,0.0,0.0,5.28125,5.28125,
95,12,early,0.40625,0.40625,5.6875,5.28125,
95,13,early,0.0,0.40625,5.6875,5.28125,
95,14,early,0.0,0.40625,5.6875,5.28125,
95,15,early,0.0,0.40625,5.6875,5.28125,
95,16,early,0.0,0.40625,5.6875,5.28125,
95,17,mid,0.0,0.40625,5.6875,5.28125,
95,18,mid,0.0,0.40625,5.6875,5.28125,
95,19,mid,0.0,0.40625,5.6875,5.28125,
95,20,mid,0.0,0.40625,5.6875,5.28125,
95,21,mid,0.0,0.40625,5.6875,5.28125,
95,22,mid,1.15625,1.5625,6.84375,5.28125,
95,23,late,5.617495536804199,7.179995536804199,12.4612455368042,5.28125,
95,24,late,1.857025146484375,9.037020683288574,14.318270683288574,5.28125,
95,25,late,5.28125,14.318270683288574,19.599520683288574,5.28125,
